last_name, first_name,player_id,year,player_age,pa,ab,hit,single,double,triple,home_run,strikeout,walk,k_percent,bb_percent,batting_avg,slg_percent,on_base_percent,on_base_plus_slg,woba,
Colon, Bartolo,112526,2015,42,815,771,217,149,41,2,25,136,24,16.7,2.9,.281,.437,.304,0.741,.316,
Burnett, A.J.,150359,2015,38,699,633,174,134,24,5,11,143,49,20.5,7,.275,.381,.336,0.717,.315,
Hudson, Tim,218596,2015,39,525,476,134,103,16,2,13,64,37,12.2,7,.282,.405,.340,0.745,.327,
Buehrle, Mark,279824,2015,36,827,768,214,140,46,6,22,91,33,11,4,.279,.440,.311,0.751,.321,
Sabathia, CC,282332,2015,34,726,659,188,134,22,4,28,137,50,18.9,6.9,.285,.458,.338,0.796,.343,
Vogelsong, Ryan,285064,2015,37,598,528,140,87,29,7,17,108,58,18.1,9.7,.265,.443,.338,0.781,.337,
Dickey, R.A.,285079,2015,40,884,798,195,125,37,8,25,126,61,14.3,6.9,.244,.405,.303,0.708,.307,
Lohse, Kyle,346798,2015,36,665,607,180,115,34,2,29,108,43,16.2,6.5,.297,.502,.345,0.847,.362,
Lackey, John,407793,2015,36,896,824,211,156,32,2,21,175,53,19.5,5.9,.256,.376,.303,0.679,.295,
De La Rosa, Jorge,407822,2015,34,634,554,137,82,35,3,17,134,65,21.1,10.3,.247,.413,.325,0.738,.320,
Lewis, Colby,407890,2015,35,859,793,211,137,44,4,26,142,42,16.5,4.9,.266,.430,.308,0.738,.317,
Harang, Aaron,421685,2015,37,748,681,189,121,31,11,26,108,51,14.4,6.8,.278,.470,.332,0.802,.345,
Guthrie, Jeremy,425386,2015,36,664,600,186,124,30,3,29,84,44,12.7,6.6,.310,.515,.363,0.878,.376,
Williams, Jerome,425532,2015,33,553,508,161,112,27,0,22,74,34,13.4,6.1,.317,.500,.363,0.863,.370,
Greinke, Zack,425844,2015,31,843,790,148,109,22,3,14,200,40,23.7,4.7,.187,.276,.231,0.507,.225,
Haren, Dan,429717,2015,34,768,709,174,97,44,2,31,132,38,17.2,4.9,.245,.444,.289,0.733,.315,
Simon, Alfredo,430580,2015,34,820,729,201,120,47,10,24,117,68,14.3,8.3,.276,.466,.342,0.808,.348,
Hamels, Cole,430935,2015,31,880,800,190,131,35,2,22,215,62,24.4,7,.237,.369,.300,0.669,.294,
Kazmir, Scott,431148,2015,31,763,684,162,111,28,3,20,155,59,20.3,7.7,.237,.374,.303,0.677,.298,
Danks, John,433579,2015,30,768,695,195,119,47,5,24,124,56,16.1,7.3,.281,.466,.334,0.800,.344,
Hernandez, Felix,433587,2015,29,825,750,180,125,27,5,23,191,58,23.2,7,.240,.381,.301,0.682,.299,
Verlander, Justin,434378,2015,32,535,493,113,78,20,2,13,113,32,21.1,6,.229,.357,.277,0.634,.276,
Liriano, Francisco,434538,2015,31,773,695,155,112,25,3,15,205,70,26.5,9.1,.223,.332,.298,0.630,.282,
Jimenez, Ubaldo,434622,2015,31,791,707,182,128,29,5,20,168,68,21.2,8.6,.257,.397,.330,0.727,.320,
Hammel, Jason,434628,2015,32,710,654,158,91,37,7,23,172,40,24.2,5.6,.242,.425,.289,0.714,.305,
Sanchez, Anibal,434671,2015,31,660,603,152,88,32,3,29,138,49,20.9,7.4,.252,.459,.308,0.767,.330,
Chavez, Jesse,445926,2015,31,672,612,164,114,31,1,18,136,48,20.2,7.1,.268,.410,.320,0.730,.317,
Kluber, Corey,446372,2015,29,886,819,189,120,45,2,22,245,45,27.7,5.1,.231,.371,.279,0.650,.283,
Shields, James,448306,2015,33,860,763,189,107,43,6,33,216,81,25.1,9.4,.248,.450,.327,0.777,.335,
Garcia, Jaime,448802,2015,28,510,471,106,83,17,0,6,97,30,19,5.9,.225,.299,.274,0.573,.256,
Volquez, Edinson,450172,2015,31,850,758,190,134,36,4,16,155,72,18.2,8.5,.251,.372,.320,0.692,.305,
Morton, Charlie,450203,2015,31,563,506,137,87,33,4,13,96,41,17.1,7.3,.271,.429,.340,0.769,.333,
Weaver, Jered,450308,2015,32,669,617,163,97,39,3,24,90,33,13.5,4.9,.264,.454,.313,0.767,.330,
Wilson, C.J.,450351,2015,34,553,491,118,83,21,1,13,110,46,19.9,8.3,.240,.367,.316,0.683,.301,
Gallardo, Yovani,451596,2015,29,793,720,193,137,33,8,15,121,68,15.3,8.6,.268,.399,.331,0.730,.320,
Lester, Jon,452657,2015,31,827,764,183,119,42,6,16,207,47,25,5.7,.240,.373,.288,0.661,.289,
Kendrick, Kyle,452718,2015,30,629,570,172,96,35,8,33,80,45,12.7,7.2,.302,.565,.359,0.924,.392,
Kennedy, Ian,453178,2015,30,712,644,166,85,39,11,31,174,51,24.4,7.2,.258,.497,.318,0.815,.347,
Scherzer, Max,453286,2015,30,899,847,176,106,40,3,27,276,34,30.7,3.8,.208,.358,.242,0.600,.259,
Arrieta, Jake,453562,2015,29,870,811,150,104,32,4,10,236,48,27.1,5.5,.185,.271,.236,0.507,.225,
Price, David,456034,2015,29,888,826,190,129,40,4,17,225,47,25.3,5.3,.230,.350,.271,0.621,.270,
Gonzalez, Miguel,456068,2015,31,622,559,151,98,26,3,24,109,51,17.5,8.2,.270,.456,.339,0.795,.344,
Cueto, Johnny,456501,2015,29,866,803,194,124,44,5,21,176,46,20.3,5.3,.242,.387,.288,0.675,.294,
Happ, J.A.,457918,2015,32,717,668,173,118,38,1,16,151,45,21.1,6.3,.259,.391,.308,0.699,.304,
Lynn, Lance,458681,2015,28,751,667,172,122,33,4,13,167,68,22.2,9.1,.258,.378,.330,0.708,.311,
Pelfrey, Mike,460059,2015,31,714,651,198,150,36,1,11,86,45,12,6.3,.304,.413,.359,0.772,.339,
Gonzalez, Gio,461829,2015,29,758,673,181,134,31,8,8,169,69,22.3,9.1,.269,.374,.336,0.710,.312,
Hughes, Phil,461833,2015,29,651,629,184,113,40,2,29,94,16,14.4,2.5,.293,.501,.311,0.812,.347,
Estrada, Marco,462136,2015,31,724,659,134,81,24,5,24,131,55,18.1,7.6,.203,.364,.269,0.633,.276,
Carrasco, Carlos,471911,2015,28,730,675,154,100,31,5,18,216,43,29.6,5.9,.228,.369,.277,0.646,.281,
Anderson, Brett,474463,2015,27,750,697,194,147,26,3,18,116,46,15.5,6.1,.278,.402,.324,0.726,.316,
Ross, Tyson,475115,2015,28,823,725,172,129,28,6,9,212,84,25.8,10.2,.237,.330,.322,0.652,.292,
Hellickson, Jeremy,476451,2015,28,636,573,151,85,40,4,22,121,43,19,6.8,.264,.462,.318,0.780,.334,
Warren, Adam,476589,2015,27,534,484,114,82,20,2,10,104,39,19.5,7.3,.236,.347,.301,0.648,.287,
Niese, Jonathon,477003,2015,28,770,686,192,136,33,3,20,113,55,14.7,7.1,.280,.424,.340,0.764,.333,
Kershaw, Clayton,477132,2015,27,890,839,163,120,26,2,15,301,42,33.8,4.7,.194,.284,.237,0.521,.231,
Cashner, Andrew,488768,2015,28,804,718,200,135,40,6,19,165,66,20.5,8.2,.279,.430,.342,0.772,.335,
Miley, Wade,489119,2015,28,831,758,201,127,51,6,17,147,64,17.7,7.7,.265,.416,.325,0.741,.323,
Garza, Matt,490063,2015,31,666,598,176,115,37,1,23,104,57,15.6,8.6,.294,.475,.357,0.832,.359,
Quintana, Jose,500779,2015,26,862,802,218,148,47,7,16,177,44,20.5,5.1,.272,.408,.315,0.723,.312,
Pineda, Michael,501381,2015,26,668,634,176,113,37,5,21,156,21,23.4,3.1,.278,.451,.301,0.752,.322,
Tillman, Chris,501957,2015,27,740,660,176,111,42,3,20,120,64,16.2,8.6,.267,.430,.332,0.762,.331,
Karns, Nate,501992,2015,27,621,553,132,90,21,2,19,145,56,23.3,9,.239,.387,.312,0.699,.307,
Archer, Chris,502042,2015,26,868,795,175,125,31,0,19,252,66,29,7.6,.220,.331,.282,0.613,.272,
Gibson, Kyle,502043,2015,27,821,737,186,127,41,0,18,145,65,17.7,7.9,.252,.381,.317,0.698,.304,
Locke, Jeff,502046,2015,27,736,654,179,130,32,2,15,129,60,17.5,8.2,.274,.398,.337,0.735,.321,
Samardzija, Jeff,502188,2015,30,910,836,228,150,40,9,29,163,49,17.9,5.4,.273,.446,.319,0.765,.330,
Leake, Mike,502190,2015,27,778,717,174,113,36,3,22,119,49,15.3,6.3,.243,.393,.293,0.686,.296,
Santiago, Hector,502327,2015,27,776,687,156,87,37,3,29,162,71,20.9,9.1,.227,.416,.307,0.723,.313,
Anderson, Chase,502624,2015,27,640,581,158,104,33,3,18,111,40,17.3,6.3,.272,.432,.322,0.754,.325,
Salazar, Danny,517593,2015,25,757,690,156,98,28,7,23,195,53,25.8,7,.226,.387,.286,0.673,.293,
Bettis, Chad,518452,2015,26,502,448,120,69,37,3,11,98,42,19.5,8.4,.268,.438,.333,0.771,.333,
Bumgarner, Madison,518516,2015,25,869,814,181,125,30,5,21,234,39,26.9,4.5,.222,.349,.263,0.612,.266,
Duffy, Danny,518633,2015,26,588,518,137,99,18,5,15,102,53,17.3,9,.264,.405,.340,0.745,.328,
Harvey, Matt,518774,2015,26,754,703,156,109,26,3,18,188,37,24.9,4.9,.222,.344,.265,0.609,.266,
Heston, Chris,518790,2015,27,746,667,169,111,36,6,16,141,64,18.9,8.6,.253,.397,.331,0.728,.320,
Nelson, Jimmy,519076,2015,26,752,663,163,111,32,2,18,148,65,19.7,8.6,.246,.382,.322,0.704,.309,
Porcello, Rick,519144,2015,26,737,682,196,134,35,2,25,149,38,20.2,5.2,.287,.455,.332,0.787,.340,
Sale, Chris,519242,2015,26,854,794,185,127,32,3,23,274,42,32.1,4.9,.233,.368,.282,0.650,.285,
Zimmermann, Jordan,519455,2015,29,831,774,204,153,25,2,24,164,39,19.7,4.7,.264,.394,.305,0.699,.304,
Kelly, Joe,523260,2015,27,587,526,145,100,25,5,15,110,49,18.7,8.3,.276,.428,.341,0.769,.335,
De La Rosa, Rubby,523989,2015,26,809,729,193,118,42,1,32,150,63,18.5,7.8,.265,.457,.325,0.782,.336,
Teheran, Julio,527054,2015,24,843,748,189,127,32,3,27,171,73,20.3,8.7,.253,.412,.325,0.737,.322,
Shoemaker, Matt,533167,2015,28,569,522,135,83,28,0,24,116,35,20.4,6.2,.259,.450,.308,0.758,.326,
Ramirez, Erasmo,541640,2015,25,665,614,145,100,28,1,16,126,40,18.9,6,.236,.363,.292,0.655,.289,
Cole, Gerrit,543037,2015,24,832,765,183,136,31,5,11,202,44,24.3,5.3,.239,.336,.287,0.623,.274,
DeSclafani, Anthony,543101,2015,25,785,710,194,131,43,3,17,151,55,19.2,7,.273,.414,.328,0.742,.321,
Eovaldi, Nathan,543135,2015,25,673,615,175,139,25,1,10,121,49,18,7.3,.285,.377,.339,0.716,.316,
Gray, Sonny,543243,2015,25,831,765,166,125,23,1,17,169,59,20.3,7.1,.217,.316,.273,0.589,.262,
Hendricks, Kyle,543294,2015,25,739,681,166,110,36,3,17,167,43,22.6,5.8,.244,.380,.296,0.676,.296,
Koehler, Tom,543408,2015,29,800,706,180,119,36,3,22,137,77,17.1,9.6,.255,.408,.331,0.739,.323,
McHugh, Collin,543521,2015,28,859,788,207,147,39,2,19,171,53,19.9,6.2,.263,.390,.315,0.705,.308,
Milone, Tommy,543548,2015,28,543,493,128,83,26,2,17,91,36,16.8,6.6,.260,.424,.307,0.731,.315,
Odorizzi, Jake,543606,2015,25,700,644,149,87,36,8,18,150,46,21.4,6.6,.231,.396,.284,0.680,.295,
Rusin, Chris,543734,2015,28,594,548,170,107,38,6,19,86,41,14.5,6.9,.310,.505,.361,0.866,.371,
Strasburg, Stephen,544931,2015,26,523,488,115,79,18,4,14,155,26,29.6,5,.236,.375,.278,0.653,.285,
Bauer, Trevor,545333,2015,24,744,655,152,96,29,4,23,170,79,22.8,10.6,.232,.394,.319,0.713,.314,
Lorenzen, Michael,547179,2015,23,515,449,131,75,35,3,18,83,57,16.1,11.1,.292,.503,.378,0.881,.377,
Iwakuma, Hisashi,547874,2015,34,516,487,117,75,23,1,18,111,21,21.5,4.1,.240,.402,.271,0.673,.290,
Tanaka, Masahiro,547888,2015,26,608,571,126,65,33,3,25,139,27,22.9,4.4,.221,.420,.254,0.674,.287,
Perez, Williams,554234,2015,24,514,446,130,94,20,3,13,73,51,14.2,9.9,.291,.437,.372,0.809,.353,
Ventura, Yordano,570649,2015,24,693,621,154,107,27,6,14,156,58,22.5,8.4,.248,.378,.319,0.697,.307,
Fiers, Mike,571666,2015,30,761,680,162,102,29,7,24,180,64,23.7,8.4,.238,.407,.306,0.713,.308,
Hutchison, Drew,571800,2015,24,664,603,179,117,40,0,22,129,44,19.4,6.6,.297,.473,.352,0.825,.357,
Miller, Shelby,571946,2015,24,860,769,183,124,41,5,13,171,73,19.9,8.5,.238,.355,.308,0.663,.290,
Richards, Garrett,572070,2015,27,865,768,181,126,35,0,20,176,76,20.3,8.8,.236,.359,.305,0.664,.293,
Keuchel, Dallas,572971,2015,27,911,854,185,138,28,2,17,216,51,23.7,5.6,.217,.314,.262,0.576,.254,
Ray, Robbie,592662,2015,23,545,475,121,76,30,6,9,119,49,21.8,9,.255,.400,.331,0.731,.318,
Syndergaard, Noah,592789,2015,22,603,561,126,84,17,6,19,166,31,27.5,5.1,.225,.378,.268,0.646,.279,
Walker, Taijuan,592836,2015,22,705,648,163,107,31,0,25,157,39,22.3,5.5,.252,.415,.301,0.716,.311,
Martinez, Carlos,593372,2015,23,755,671,168,120,31,4,13,184,63,24.4,8.3,.250,.367,.320,0.687,.302,
Rodriguez, Eduardo,593958,2015,22,521,471,120,85,20,2,13,98,37,18.8,7.1,.255,.389,.312,0.701,.306,
deGrom, Jacob,594798,2015,27,751,694,149,109,24,0,16,205,38,27.3,5.1,.215,.318,.255,0.573,.251,
Rodon, Carlos,607074,2015,22,607,517,130,91,24,4,11,139,71,22.9,11.7,.251,.377,.348,0.725,.323,
Martinez, Nick,607259,2015,24,558,493,135,86,27,6,16,77,46,13.8,8.2,.274,.450,.348,0.798,.346,
Wacha, Michael,608379,2015,23,762,687,162,109,31,3,19,153,58,20.1,7.6,.236,.373,.300,0.673,.294,
Graveman, Kendall,608665,2015,24,502,456,126,89,22,0,15,77,38,15.3,7.6,.276,.423,.337,0.760,.333,
Chen, Wei-Yin,612672,2015,29,792,733,192,110,50,4,28,153,41,19.3,5.2,.262,.456,.302,0.758,.325,
McCullers Jr., Lance,621121,2015,21,520,469,106,66,26,4,10,129,43,24.8,8.3,.226,.362,.296,0.658,.289,
Wood, Alex,622072,2015,24,801,720,198,149,29,5,15,139,59,17.4,7.4,.275,.392,.332,0.724,.316,
Despaigne, Odrisamer,628333,2015,28,548,495,142,94,26,5,17,69,33,12.6,6,.287,.463,.341,0.804,.346,
Colon, Bartolo,112526,2016,43,791,745,200,134,36,6,24,128,32,16.2,4,.268,.430,.300,0.730,.311,
Sabathia, CC,282332,2016,35,768,687,172,122,26,2,22,152,65,19.8,8.5,.250,.390,.322,0.712,.312,
Dickey, R.A.,285079,2016,41,728,655,169,97,39,5,28,126,63,17.3,8.7,.258,.461,.327,0.788,.338,
Lackey, John,407793,2016,37,748,670,146,96,25,2,23,180,53,24.1,7.1,.218,.364,.281,0.645,.280,
De La Rosa, Jorge,407822,2016,35,614,536,157,101,31,2,23,108,63,17.6,10.3,.293,.487,.374,0.861,.369,
Peavy, Jake,408241,2016,35,520,476,134,72,36,8,18,102,36,19.6,6.9,.282,.504,.333,0.837,.354,
Wainwright, Adam,425794,2016,34,847,766,220,146,48,4,22,161,59,19,7,.287,.446,.338,0.784,.335,
Greinke, Zack,425844,2016,32,667,615,161,100,33,5,23,134,41,20.1,6.1,.262,.444,.306,0.750,.319,
Santana, Ervin,429722,2016,33,748,685,168,113,36,0,19,149,53,19.9,7.1,.245,.381,.301,0.682,.296,
Hamels, Cole,430935,2016,32,848,760,185,130,30,1,24,200,77,23.6,9.1,.243,.380,.319,0.699,.307,
Kazmir, Scott,431148,2016,32,590,526,133,81,29,2,21,134,52,22.7,8.8,.253,.435,.327,0.762,.327,
Hernandez, Felix,433587,2016,30,655,577,138,90,27,2,19,122,65,18.6,9.9,.239,.392,.327,0.719,.316,
Verlander, Justin,434378,2016,33,903,827,171,102,35,4,30,254,57,28.1,6.3,.207,.368,.263,0.631,.272,
Liriano, Francisco,434538,2016,32,731,624,157,104,23,4,26,168,85,23,11.6,.252,.426,.347,0.773,.336,
Jimenez, Ubaldo,434622,2016,32,637,560,150,101,30,3,16,125,72,19.6,11.3,.268,.418,.354,0.772,.337,
Hammel, Jason,434628,2016,33,692,620,148,88,31,4,25,144,53,20.8,7.7,.239,.423,.307,0.730,.315,
Sanchez, Anibal,434671,2016,32,668,600,171,114,25,2,30,135,53,20.2,7.9,.285,.483,.345,0.828,.353,
Nolasco, Ricky,445060,2016,33,817,756,202,131,41,4,26,144,44,17.6,5.4,.267,.435,.308,0.743,.318,
Kluber, Corey,446372,2016,30,860,788,170,106,39,3,22,227,57,26.4,6.6,.216,.357,.274,0.631,.275,
Shields, James,448306,2016,34,821,723,208,121,41,6,40,135,82,16.4,10,.288,.527,.364,0.891,.377,
Garcia, Jaime,448802,2016,29,741,668,179,112,40,1,26,150,57,20.2,7.7,.268,.448,.331,0.779,.334,
Volquez, Edinson,450172,2016,32,853,758,217,150,41,3,23,139,76,16.3,8.9,.286,.439,.354,0.793,.343,
Weaver, Jered,450308,2016,33,766,704,209,131,38,3,37,103,51,13.4,6.7,.297,.517,.345,0.862,.365,
Fister, Doug,450729,2016,32,778,706,195,124,44,3,24,115,62,14.8,8,.276,.449,.339,0.788,.340,
Gallardo, Yovani,451596,2016,30,525,456,126,80,27,3,16,85,61,16.2,11.6,.276,.454,.359,0.813,.349,
Lester, Jon,452657,2016,32,796,730,154,107,25,1,21,197,52,24.7,6.5,.211,.334,.268,0.602,.264,
Kennedy, Ian,453178,2016,31,818,733,173,110,29,1,33,184,66,22.5,8.1,.236,.413,.308,0.721,.312,
Wright, Steven,453214,2016,31,656,587,138,104,17,5,12,127,57,19.4,8.7,.235,.342,.310,0.652,.289,
Scherzer, Max,453286,2016,31,902,830,165,93,37,4,31,284,56,31.5,6.2,.199,.365,.254,0.619,.267,
Buchholz, Clay,453329,2016,31,588,520,130,86,22,1,21,93,55,15.8,9.4,.250,.417,.324,0.741,.321,
Arrieta, Jake,453562,2016,30,795,710,138,93,27,2,16,190,76,23.9,9.6,.194,.306,.277,0.583,.261,
Price, David,456034,2016,30,951,879,227,151,40,6,30,228,50,24,5.3,.258,.420,.301,0.721,.309,
Gonzalez, Miguel,456068,2016,32,566,519,132,90,30,1,11,95,35,16.8,6.2,.254,.380,.306,0.686,.298,
Griffin, A.J.,456167,2016,28,509,453,116,66,17,5,28,107,46,21,9,.256,.501,.332,0.833,.353,
Cueto, Johnny,456501,2016,30,881,818,195,139,36,5,15,198,45,22.5,5.1,.238,.350,.284,0.634,.276,
Happ, J.A.,457918,2016,33,796,726,168,113,31,2,22,163,60,20.5,7.5,.231,.371,.295,0.666,.291,
Tomlin, Josh,458708,2016,31,725,694,187,111,37,3,36,118,20,16.3,2.8,.269,.487,.291,0.778,.327,
Pelfrey, Mike,460059,2016,32,541,482,160,120,22,3,15,56,46,10.4,8.5,.332,.483,.393,0.876,.378,
Gonzalez, Gio,461829,2016,30,765,684,179,123,34,3,19,171,59,22.4,7.7,.262,.404,.326,0.730,.317,
Estrada, Marco,462136,2016,32,723,651,132,79,26,4,23,165,65,22.8,9,.203,.361,.278,0.639,.279,
Nova, Ivan,467100,2016,29,684,636,175,103,46,3,23,127,28,18.6,4.1,.275,.465,.312,0.777,.330,
Chacin, Jhoulys,468504,2016,28,632,562,153,109,27,3,14,119,55,18.8,8.7,.272,.406,.339,0.745,.322,
Carrasco, Carlos,471911,2016,29,599,558,134,75,36,2,21,150,34,25,5.7,.240,.425,.286,0.711,.303,
Hellickson, Jeremy,476451,2016,29,772,711,173,101,44,4,24,154,45,19.9,5.8,.243,.418,.292,0.710,.304,
Niese, Jonathon,477003,2016,29,546,489,145,91,22,7,25,88,47,16.1,8.6,.297,.524,.360,0.884,.374,
Kershaw, Clayton,477132,2016,28,544,526,97,70,18,1,8,172,11,31.6,2,.184,.268,.204,0.472,.204,
Cashner, Andrew,488768,2016,29,587,509,142,81,34,8,19,112,60,19.1,10.2,.279,.489,.360,0.849,.361,
Miley, Wade,489119,2016,29,711,649,187,122,39,1,25,137,49,19.3,6.9,.288,.467,.341,0.808,.346,
Quintana, Jose,500779,2016,27,837,779,192,123,46,1,22,181,50,21.6,6,.246,.393,.295,0.688,.297,
Pineda, Michael,501381,2016,27,755,693,184,108,43,6,27,207,53,27.4,7,.266,.462,.322,0.784,.335,
Tillman, Chris,501957,2016,28,715,636,155,89,44,3,19,140,66,19.6,9.2,.244,.412,.320,0.732,.317,
Archer, Chris,502042,2016,27,850,769,183,118,33,2,30,233,67,27.4,7.9,.238,.403,.300,0.703,.304,
Gibson, Kyle,502043,2016,28,653,587,175,123,29,3,20,104,55,15.9,8.4,.298,.460,.360,0.820,.352,
Locke, Jeff,502046,2016,28,563,506,151,95,35,4,17,73,44,13,7.8,.298,.484,.357,0.841,.358,
Samardzija, Jeff,502188,2016,31,829,764,190,121,37,8,24,167,54,20.1,6.5,.249,.412,.298,0.710,.303,
Leake, Mike,502190,2016,28,757,705,203,141,39,3,20,125,30,16.5,4,.288,.437,.319,0.756,.323,
Santiago, Hector,502327,2016,28,785,690,169,98,34,4,33,144,79,18.3,10.1,.245,.449,.324,0.773,.332,
Anderson, Chase,502624,2016,28,647,583,155,85,38,4,28,120,53,18.5,8.2,.266,.489,.330,0.819,.348,
Peralta, Wily,503449,2016,27,554,498,152,99,31,3,19,93,43,16.8,7.8,.305,.494,.361,0.855,.365,
Nicasio, Juan,504379,2016,29,513,449,117,72,24,6,15,138,45,26.9,8.8,.261,.441,.333,0.774,.330,
Salazar, Danny,517593,2016,26,584,515,121,80,24,1,16,161,63,27.6,10.8,.235,.379,.318,0.697,.304,
Bettis, Chad,518452,2016,27,814,735,204,138,35,9,22,138,59,17,7.2,.278,.439,.336,0.775,.332,
Bumgarner, Madison,518516,2016,26,912,841,179,114,37,2,26,251,54,27.5,5.9,.213,.354,.265,0.619,.269,
Duffy, Danny,518633,2016,27,731,676,163,100,33,3,27,188,42,25.7,5.7,.241,.419,.292,0.711,.305,
Gee, Dillon,518716,2016,30,551,502,146,106,14,2,24,89,37,16.2,6.7,.291,.470,.345,0.815,.348,
Moore, Matt,519043,2016,27,838,752,184,133,25,1,25,178,72,21.2,8.6,.245,.380,.314,0.694,.304,
Nelson, Jimmy,519076,2016,27,807,693,186,128,29,4,25,140,86,17.3,10.7,.268,.430,.361,0.791,.345,
Pomeranz, Drew,519141,2016,27,703,631,137,86,29,0,22,186,65,26.5,9.2,.217,.368,.290,0.658,.286,
Porcello, Rick,519144,2016,27,890,840,193,129,36,5,23,189,32,21.2,3.6,.230,.367,.268,0.635,.274,
Sale, Chris,519242,2016,27,907,837,190,126,34,3,27,233,45,25.7,5,.227,.372,.279,0.651,.282,
Perez, Martin,527048,2016,25,855,758,205,141,45,1,18,103,76,12,8.9,.270,.404,.337,0.741,.323,
Teheran, Julio,527054,2016,25,758,703,157,99,31,5,22,167,41,22,5.4,.223,.376,.275,0.651,.281,
Shoemaker, Matt,533167,2016,29,668,624,166,111,33,4,18,143,30,21.4,4.5,.266,.418,.305,0.723,.310,
Andriese, Matt,542882,2016,26,527,494,131,88,26,0,17,109,25,20.7,4.7,.265,.421,.298,0.719,.307,
Chatwood, Tyler,543022,2016,26,669,589,147,97,32,3,15,117,70,17.5,10.5,.250,.390,.333,0.723,.316,
Cole, Gerrit,543037,2016,25,506,454,131,91,32,1,7,98,36,19.4,7.1,.289,.410,.345,0.755,.326,
Conley, Adam,543045,2016,26,583,500,125,82,27,3,13,124,62,21.3,10.6,.250,.394,.344,0.738,.321,
DeSclafani, Anthony,543101,2016,26,507,463,120,81,22,1,16,105,30,20.7,5.9,.259,.415,.308,0.723,.310,
Eovaldi, Nathan,543135,2016,26,525,482,123,70,28,2,23,97,40,18.5,7.6,.255,.465,.313,0.778,.331,
Friedrich, Christian,543184,2016,28,567,505,131,88,26,4,13,100,52,17.6,9.2,.259,.404,.328,0.732,.317,
Gray, Sonny,543243,2016,26,516,465,133,83,30,2,18,94,42,18.2,8.1,.286,.475,.343,0.818,.349,
Hendricks, Kyle,543294,2016,26,745,686,142,97,28,2,15,170,44,22.8,5.9,.207,.319,.262,0.581,.254,
Koehler, Tom,543408,2016,30,774,675,176,114,38,2,22,147,83,19,10.7,.261,.421,.344,0.765,.330,
McHugh, Collin,543521,2016,29,795,730,206,135,40,6,25,177,54,22.3,6.8,.282,.456,.334,0.790,.338,
Odorizzi, Jake,543606,2016,26,773,706,170,105,33,3,29,166,54,21.5,7,.241,.419,.296,0.715,.306,
Roark, Tanner,543699,2016,29,855,758,173,134,20,2,17,172,73,20.1,8.5,.228,.327,.307,0.634,.282,
Strasburg, Stephen,544931,2016,27,598,546,119,75,26,3,15,183,44,30.6,7.4,.218,.359,.278,0.637,.277,
Bauer, Trevor,545333,2016,25,811,721,179,119,36,4,20,168,70,20.7,8.6,.248,.393,.320,0.713,.310,
Iwakuma, Hisashi,547874,2016,35,836,772,218,145,43,2,28,147,46,17.6,5.5,.282,.452,.324,0.776,.331,
Tanaka, Masahiro,547888,2016,27,805,759,179,121,34,2,22,165,36,20.5,4.5,.236,.373,.272,0.645,.278,
Ventura, Yordano,570649,2016,25,816,723,190,129,35,3,23,144,78,17.6,9.6,.263,.415,.339,0.754,.329,
Corbin, Patrick,571578,2016,26,701,619,177,117,31,5,24,131,66,18.7,9.4,.286,.468,.357,0.825,.354,
Fiers, Mike,571666,2016,31,724,667,187,112,47,2,26,134,42,18.5,5.8,.280,.474,.327,0.801,.342,
Matz, Steven,571927,2016,25,547,502,129,95,19,1,14,129,31,23.6,5.7,.257,.382,.306,0.688,.299,
Paxton, James,572020,2016,27,511,480,134,95,26,4,9,117,24,22.9,4.7,.279,.406,.311,0.717,.306,
Keuchel, Dallas,572971,2016,28,701,648,168,107,35,6,20,144,48,20.5,6.8,.259,.424,.312,0.736,.317,
Straily, Dan,573185,2016,27,792,699,154,86,35,2,31,162,73,20.5,9.2,.220,.409,.303,0.712,.307,
Stroman, Marcus,573186,2016,25,854,792,209,141,44,3,21,166,54,19.4,6.3,.264,.407,.313,0.720,.312,
Foltynewicz, Mike,592314,2016,24,525,475,125,79,25,3,18,111,35,21.1,6.7,.263,.442,.319,0.761,.325,
Gausman, Kevin,592332,2016,25,757,698,183,123,31,1,28,174,47,23,6.2,.262,.430,.312,0.742,.319,
Gray, Jon,592351,2016,24,711,630,153,103,28,4,18,185,59,26,8.3,.243,.386,.317,0.703,.307,
Ray, Robbie,592662,2016,24,776,694,185,124,32,5,24,218,71,28.1,9.1,.267,.431,.339,0.770,.332,
Sanchez, Aaron,592717,2016,23,790,719,161,113,31,2,15,161,63,20.4,8,.224,.335,.290,0.625,.277,
Smyly, Drew,592767,2016,27,738,671,174,107,34,1,32,167,49,22.6,6.6,.259,.456,.307,0.763,.323,
Syndergaard, Noah,592789,2016,23,744,692,168,118,36,3,11,218,43,29.3,5.8,.243,.351,.287,0.638,.277,
Velasquez, Vince,592826,2016,24,551,491,129,84,23,1,21,152,45,27.6,8.2,.263,.442,.323,0.765,.328,
Walker, Taijuan,592836,2016,23,573,522,129,74,25,3,27,119,37,20.8,6.5,.247,.462,.305,0.767,.326,
Martinez, Carlos,593372,2016,24,809,724,169,128,25,1,15,174,70,21.5,8.7,.233,.333,.310,0.643,.286,
deGrom, Jacob,594798,2016,28,604,557,142,102,24,1,15,143,36,23.7,6,.255,.382,.302,0.684,.298,
Eickhoff, Jerad,595191,2016,25,811,745,187,108,43,6,30,167,42,20.6,5.2,.251,.446,.294,0.740,.313,
Bradley, Archie,605151,2016,23,638,558,154,94,40,4,16,143,67,22.4,10.5,.276,.448,.354,0.802,.341,
Davies, Zach,605200,2016,23,682,631,166,113,28,5,20,135,38,19.8,5.6,.263,.418,.309,0.727,.313,
Fernandez, Jose,605228,2016,23,737,664,149,104,29,3,13,253,55,34.3,7.5,.224,.336,.288,0.624,.271,
Finnegan, Brandon,605232,2016,23,734,636,150,95,21,5,29,145,84,19.8,11.4,.236,.421,.326,0.747,.324,
Fulmer, Michael,605242,2016,23,647,590,136,92,27,1,16,132,42,20.4,6.5,.231,.361,.291,0.652,.285,
Morgan, Adam,605388,2016,26,507,466,141,82,33,3,23,95,29,18.7,5.7,.303,.534,.346,0.880,.369,
Wisler, Matt,605538,2016,23,671,613,159,105,24,4,26,115,49,17.1,7.3,.259,.439,.317,0.756,.323,
Perdomo, Luis,606131,2016,23,661,604,187,132,28,4,23,105,46,15.9,7,.310,.483,.363,0.846,.360,
Rodon, Carlos,607074,2016,23,714,644,176,123,28,2,23,168,54,23.5,7.6,.273,.430,.332,0.762,.328,
Wacha, Michael,608379,2016,24,606,551,159,99,41,4,15,114,45,18.8,7.4,.289,.459,.341,0.800,.339,
Duffey, Tyler,608648,2016,25,596,554,167,95,42,5,25,114,32,19.1,5.4,.301,.531,.345,0.876,.369,
Graveman, Kendall,608665,2016,25,785,723,196,138,34,2,22,108,47,13.8,6,.271,.415,.319,0.734,.316,
Chen, Wei-Yin,612672,2016,30,520,486,134,83,26,3,22,100,24,19.2,4.6,.276,.477,.311,0.788,.335,
Maeda, Kenta,628317,2016,28,716,655,150,107,21,2,20,179,50,25,7,.229,.359,.291,0.650,.281,
Manaea, Sean,640455,2016,24,594,545,135,86,27,2,20,124,37,20.9,6.2,.248,.415,.298,0.713,.306,
Colon, Bartolo,112526,2017,44,648,603,192,110,50,4,28,89,35,13.7,5.4,.318,.554,.355,0.909,.381,
Sabathia, CC,282332,2017,36,623,566,139,95,20,3,21,120,50,19.3,8,.246,.403,.312,0.715,.309,
Dickey, R.A.,285079,2017,42,815,726,193,116,46,5,26,136,67,16.7,8.2,.266,.450,.334,0.784,.334,
Lackey, John,407793,2017,38,731,654,165,97,30,2,36,149,53,20.4,7.3,.252,.469,.316,0.785,.331,
Wainwright, Adam,425794,2017,35,546,490,140,95,27,4,14,96,45,17.6,8.2,.286,.443,.351,0.794,.340,
Greinke, Zack,425844,2017,33,801,749,172,108,35,4,25,215,45,26.8,5.6,.230,.387,.272,0.659,.282,
Santana, Ervin,429722,2017,34,863,786,177,113,28,5,31,167,61,19.4,7.1,.225,.392,.286,0.678,.291,
Cain, Matt,430912,2017,32,567,507,157,111,25,3,18,75,49,13.2,8.6,.310,.477,.369,0.846,.358,
Hamels, Cole,430935,2017,33,614,548,125,77,28,2,18,105,53,17.1,8.6,.228,.385,.308,0.693,.301,
Verlander, Justin,434378,2017,34,849,768,170,112,29,2,27,219,72,25.8,8.5,.221,.370,.290,0.660,.285,
Jimenez, Ubaldo,434622,2017,33,648,580,169,93,39,4,33,139,58,21.5,9,.291,.543,.359,0.902,.379,
Hammel, Jason,434628,2017,34,804,737,209,146,35,2,26,145,48,18,6,.284,.442,.331,0.773,.329,
Nolasco, Ricky,445060,2017,34,786,716,205,117,52,1,35,143,58,18.2,7.4,.286,.508,.341,0.849,.357,
Chavez, Jesse,445926,2017,33,586,537,148,90,27,3,28,119,45,20.3,7.7,.276,.493,.333,0.826,.348,
Kluber, Corey,446372,2017,31,777,732,141,89,31,0,21,265,36,34.1,4.6,.193,.321,.235,0.556,.240,
Hill, Rich,448179,2017,37,552,488,99,64,15,2,18,166,49,30.1,8.9,.203,.352,.286,0.638,.280,
Shields, James,448306,2017,35,516,459,116,64,22,3,27,103,53,20,10.3,.253,.490,.334,0.824,.348,
Garcia, Jaime,448802,2017,30,673,602,157,94,43,2,18,129,64,19.2,9.5,.261,.429,.331,0.760,.324,
Morton, Charlie,450203,2017,33,617,549,125,69,39,3,14,163,50,26.4,8.1,.228,.386,.306,0.692,.301,
Vargas, Jason,450306,2017,34,756,685,181,117,33,4,27,134,58,17.7,7.7,.264,.442,.324,0.766,.326,
Gallardo, Yovani,451596,2017,31,578,509,138,86,26,2,24,94,60,16.3,10.4,.271,.472,.348,0.820,.349,
Lester, Jon,452657,2017,33,763,691,179,116,34,3,26,180,60,23.6,7.9,.259,.430,.320,0.750,.320,
Kennedy, Ian,453178,2017,32,655,582,143,75,31,3,34,131,61,20,9.3,.246,.485,.320,0.805,.338,
Scherzer, Max,453286,2017,32,779,709,126,72,30,2,22,268,54,34.4,6.9,.178,.319,.246,0.565,.247,
Richard, Clayton,453385,2017,33,858,780,240,160,48,8,24,151,59,17.6,6.9,.308,.482,.360,0.842,.357,
Arrieta, Jake,453562,2017,31,707,637,150,89,33,5,23,163,55,23.1,7.8,.235,.411,.305,0.716,.306,
Gonzalez, Miguel,456068,2017,33,684,616,167,101,39,5,22,100,55,14.6,8,.271,.458,.334,0.792,.337,
Cueto, Johnny,456501,2017,31,648,577,160,98,35,5,22,136,53,21,8.2,.277,.470,.345,0.815,.347,
Happ, J.A.,457918,2017,34,626,575,145,102,22,3,18,142,46,22.7,7.3,.252,.395,.306,0.701,.301,
Lynn, Lance,458681,2017,30,776,676,151,96,21,7,27,153,78,19.7,10.1,.223,.395,.312,0.707,.305,
Tomlin, Josh,458708,2017,32,585,564,166,101,41,1,23,109,14,18.6,2.4,.294,.493,.315,0.808,.340,
Pelfrey, Mike,460059,2017,33,546,471,127,77,22,3,25,79,62,14.5,11.4,.270,.488,.364,0.852,.362,
Gonzalez, Gio,461829,2017,31,827,731,158,106,31,0,21,188,79,22.7,9.6,.216,.345,.298,0.643,.281,
Estrada, Marco,462136,2017,33,806,726,186,102,49,4,31,176,71,21.8,8.8,.256,.463,.322,0.785,.333,
Nova, Ivan,467100,2017,30,785,732,203,129,40,5,29,131,36,16.7,4.6,.277,.464,.316,0.780,.330,
Chacin, Jhoulys,468504,2017,29,765,667,157,105,31,2,19,153,72,20,9.4,.235,.373,.320,0.693,.302,
Carrasco, Carlos,471911,2017,30,798,735,173,106,44,2,21,226,46,28.3,5.8,.235,.386,.287,0.673,.289,
Hellickson, Jeremy,476451,2017,30,695,628,160,81,41,3,35,96,47,13.8,6.8,.255,.497,.312,0.809,.338,
Kershaw, Clayton,477132,2017,29,678,641,136,91,20,2,23,202,30,29.8,4.4,.212,.357,.246,0.603,.258,
Cashner, Andrew,488768,2017,30,704,624,156,115,25,1,15,86,64,12.2,9.1,.250,.365,.326,0.691,.304,
Miley, Wade,489119,2017,30,728,624,179,122,30,2,25,142,93,19.5,12.8,.287,.462,.380,0.842,.362,
Garza, Matt,490063,2017,33,504,448,121,75,25,4,17,79,45,15.7,8.9,.270,.458,.336,0.794,.336,
Ramirez, JC,500724,2017,28,620,558,149,101,26,1,21,105,49,16.9,7.9,.267,.430,.331,0.761,.327,
Quintana, Jose,500779,2017,28,790,715,170,107,36,4,23,207,61,26.2,7.7,.238,.396,.305,0.701,.301,
Archer, Chris,502042,2017,28,852,784,193,125,37,4,27,249,60,29.2,7,.246,.407,.303,0.710,.306,
Gibson, Kyle,502043,2017,29,693,624,182,123,32,3,24,121,60,17.5,8.7,.292,.468,.358,0.826,.355,
Cobb, Alex,502171,2017,29,742,689,175,116,36,1,22,128,44,17.3,5.9,.254,.405,.304,0.709,.304,
Samardzija, Jeff,502188,2017,32,847,801,204,122,40,12,30,205,32,24.2,3.8,.255,.447,.287,0.734,.309,
Leake, Mike,502190,2017,29,782,724,201,137,42,2,20,130,37,16.6,4.7,.278,.424,.318,0.742,.316,
Anderson, Chase,502624,2017,29,569,514,113,70,27,2,14,133,41,23.4,7.2,.220,.362,.285,0.647,.281,
Holland, Derek,502706,2017,30,626,538,156,90,31,4,31,104,75,16.6,12,.290,.535,.383,0.918,.388,
Peacock, Brad,502748,2017,29,546,485,100,66,22,2,10,161,57,29.5,10.4,.206,.322,.294,0.616,.274,
Darvish, Yu,506433,2017,30,766,697,159,96,35,1,27,209,58,27.3,7.6,.228,.397,.292,0.689,.296,
Duffy, Danny,518633,2017,28,609,556,143,98,25,7,13,130,41,21.3,6.7,.257,.397,.312,0.709,.306,
Moore, Matt,519043,2017,28,790,706,200,120,44,9,27,148,67,18.7,8.5,.283,.486,.349,0.835,.354,
Nelson, Jimmy,519076,2017,28,728,665,171,126,28,1,16,199,48,27.3,6.6,.257,.374,.315,0.689,.301,
Pomeranz, Drew,519141,2017,28,739,659,166,117,27,3,19,174,68,23.5,9.2,.252,.388,.323,0.711,.310,
Porcello, Rick,519144,2017,28,885,824,236,141,54,3,38,181,48,20.5,5.4,.286,.498,.328,0.826,.348,
Sale, Chris,519242,2017,28,851,794,165,104,34,3,24,308,43,36.2,5.1,.208,.349,.254,0.603,.260,
Zimmermann, Jordan,519455,2017,31,713,651,204,128,41,6,29,103,44,14.4,6.2,.313,.528,.359,0.887,.372,
Perez, Martin,527048,2017,26,811,735,221,157,39,2,23,115,63,14.2,7.8,.301,.453,.359,0.812,.349,
Teheran, Julio,527054,2017,26,812,723,186,119,31,5,31,151,72,18.6,8.9,.257,.443,.329,0.772,.330,
Adleman, Tim,534947,2017,29,531,469,124,59,34,2,29,108,51,20.3,9.6,.264,.531,.342,0.873,.365,
Ramirez, Erasmo,541640,2017,27,539,497,123,70,31,0,22,109,31,20.2,5.8,.247,.443,.291,0.734,.308,
Chatwood, Tyler,543022,2017,27,631,543,136,81,26,9,20,120,77,19,12.2,.250,.442,.346,0.788,.338,
Cole, Gerrit,543037,2017,26,849,784,199,126,36,6,31,196,55,23.1,6.5,.254,.434,.306,0.740,.315,
Gray, Sonny,543243,2017,27,678,615,139,88,30,2,19,153,57,22.6,8.4,.226,.374,.294,0.668,.290,
Hendricks, Kyle,543294,2017,27,570,521,126,92,17,0,17,123,40,21.6,7,.242,.372,.298,0.670,.291,
Montgomery, Mike,543557,2017,27,540,470,103,75,18,0,10,100,55,18.5,10.2,.219,.321,.310,0.631,.280,
Odorizzi, Jake,543606,2017,27,603,531,117,64,21,2,30,127,61,21.1,10.1,.220,.437,.300,0.737,.313,
Roark, Tanner,543699,2017,30,776,701,178,120,31,4,23,166,64,21.4,8.2,.254,.408,.321,0.729,.313,
Strasburg, Stephen,544931,2017,28,701,641,131,86,31,1,13,204,47,29.1,6.7,.204,.317,.265,0.582,.252,
Bauer, Trevor,545333,2017,26,749,680,181,112,41,3,25,196,60,26.2,8,.266,.446,.329,0.775,.332,
Tanaka, Masahiro,547888,2017,28,751,700,180,103,42,0,35,194,41,25.8,5.5,.257,.467,.304,0.771,.326,
Ryu, Hyun Jin,547943,2017,30,541,487,128,77,27,2,22,116,45,21.4,8.3,.263,.462,.330,0.792,.336,
Urena, Jose,570632,2017,25,724,638,152,96,25,5,26,113,64,15.6,8.8,.238,.415,.320,0.735,.316,
Boyd, Matthew,571510,2017,26,605,540,157,101,32,6,18,110,53,18.2,8.8,.291,.472,.354,0.826,.350,
Corbin, Patrick,571578,2017,27,826,753,208,128,47,7,26,178,61,21.5,7.4,.276,.461,.331,0.792,.333,
Fiers, Mike,571666,2017,32,670,591,157,98,24,3,32,146,62,21.8,9.3,.266,.479,.348,0.827,.354,
Paxton, James,572020,2017,28,552,506,113,80,24,0,9,156,37,28.3,6.7,.223,.324,.278,0.602,.263,
Keuchel, Dallas,572971,2017,29,583,533,116,83,18,0,15,125,47,21.4,8.1,.218,.336,.284,0.620,.273,
Straily, Dan,573185,2017,28,769,687,176,99,41,5,31,170,60,22.1,7.8,.256,.466,.318,0.784,.330,
Stroman, Marcus,573186,2017,26,834,762,201,146,33,1,21,164,62,19.7,7.4,.264,.392,.323,0.715,.310,
Foltynewicz, Mike,592314,2017,25,692,610,169,109,37,3,20,143,59,20.7,8.5,.277,.446,.349,0.795,.342,
Gausman, Kevin,592332,2017,26,816,736,208,138,39,2,29,179,71,21.9,8.7,.283,.459,.348,0.807,.346,
Ray, Robbie,592662,2017,25,665,582,116,73,18,2,23,218,71,32.8,10.7,.199,.356,.290,0.646,.282,
Taillon, Jameson,592791,2017,25,587,525,152,99,38,4,11,125,46,21.3,7.8,.290,.440,.349,0.789,.337,
Walker, Taijuan,592836,2017,24,683,600,148,89,37,5,17,146,61,21.4,8.9,.247,.410,.322,0.732,.311,
Williams, Trevor,592866,2017,25,642,568,145,99,30,2,14,117,52,18.2,8.1,.255,.389,.325,0.714,.309,
Martinez, Carlos,593372,2017,25,858,772,179,114,34,4,27,217,71,25.3,8.3,.232,.391,.302,0.693,.299,
Rodriguez, Eduardo,593958,2017,24,582,523,126,71,33,3,19,150,50,25.8,8.6,.241,.424,.312,0.736,.315,
deGrom, Jacob,594798,2017,29,827,758,180,124,25,3,28,239,59,28.9,7.1,.237,.389,.292,0.681,.291,
Eickhoff, Jerad,595191,2017,26,576,506,142,91,35,0,16,118,53,20.5,9.2,.281,.445,.349,0.794,.338,
Pivetta, Nick,601713,2017,24,584,512,144,89,27,3,25,140,57,24,9.8,.281,.492,.353,0.845,.358,
Bundy, Dylan,605164,2017,24,698,633,152,91,34,1,26,152,51,21.8,7.3,.240,.420,.301,0.721,.308,
Cotton, Jharel,605194,2017,25,564,498,133,76,29,0,28,105,53,18.6,9.4,.267,.494,.339,0.833,.352,
Davies, Zach,605200,2017,24,817,741,204,141,36,7,20,124,55,15.2,6.7,.275,.424,.331,0.755,.323,
Fulmer, Michael,605242,2017,24,676,617,150,112,23,2,13,114,40,16.9,5.9,.243,.350,.294,0.644,.279,
Nola, Aaron,605400,2017,24,693,640,154,103,29,4,18,184,49,26.6,7.1,.241,.383,.297,0.680,.293,
Snell, Blake,605483,2017,24,547,482,113,70,26,2,15,119,59,21.8,10.8,.234,.390,.317,0.707,.308,
Perdomo, Luis,606131,2017,24,716,638,182,126,39,0,17,118,65,16.5,9.1,.285,.426,.358,0.784,.339,
Montero, Rafael,606160,2017,26,550,461,141,104,25,0,12,114,67,20.7,12.2,.306,.438,.394,0.832,.359,
Gsellman, Robert,607229,2017,23,549,493,138,86,31,4,17,82,42,14.9,7.7,.280,.462,.345,0.807,.344,
Biagini, Joe,607352,2017,27,517,471,125,84,22,4,15,97,42,18.8,8.1,.265,.425,.327,0.752,.323,
Freeland, Kyle,607536,2017,24,688,596,169,115,34,3,17,107,63,15.6,9.2,.284,.436,.356,0.792,.340,
Wacha, Michael,608379,2017,25,701,636,170,117,33,3,17,158,55,22.5,7.8,.267,.409,.327,0.736,.316,
Marquez, German,608566,2017,22,700,634,174,105,37,7,25,147,49,21,7,.274,.473,.332,0.805,.341,
McCullers Jr., Lance,621121,2017,23,512,457,114,76,28,2,8,132,40,25.8,7.8,.249,.372,.324,0.696,.305,
Berrios, Jose,621244,2017,23,616,548,131,86,28,2,15,139,48,22.6,7.8,.239,.380,.313,0.693,.302,
Blach, Ty,621389,2017,26,692,633,179,120,36,6,17,73,43,10.5,6.2,.283,.439,.327,0.766,.326,
Wood, Alex,622072,2017,26,614,566,123,80,28,0,15,151,38,24.6,6.2,.217,.346,.274,0.620,.266,
Senzatela, Antonio,622608,2017,22,564,504,128,77,28,5,18,102,47,18.1,8.3,.254,.437,.320,0.757,.322,
Severino, Luis,622663,2017,23,782,720,150,99,30,0,21,230,51,29.4,6.5,.208,.338,.266,0.604,.263,
Maeda, Kenta,628317,2017,29,557,508,121,72,26,1,22,140,34,25.1,6.1,.238,.423,.290,0.713,.303,
Manaea, Sean,640455,2017,25,691,623,167,109,35,5,18,140,55,20.3,8,.268,.427,.336,0.763,.329,
Kuhl, Chad,641771,2017,24,680,592,159,96,41,5,17,142,72,20.9,10.6,.269,.441,.352,0.793,.338,
Godley, Zack,643327,2017,27,627,561,124,75,33,1,15,165,53,26.3,8.5,.221,.364,.293,0.657,.285,
Montgomery, Jordan,656756,2017,24,649,592,140,96,20,3,21,144,51,22.2,7.9,.236,.387,.297,0.684,.295,
Miranda, Ariel,664641,2017,28,678,600,140,73,27,3,37,137,63,20.2,9.3,.233,.473,.308,0.781,.329,
Colon, Bartolo,112526,2018,45,628,591,172,95,35,10,32,81,25,12.9,4,.291,.547,.319,0.866,.362,
Sabathia, CC,282332,2018,37,665,600,150,101,29,1,19,140,51,21.1,7.7,.250,.397,.319,0.716,.313,
Greinke, Zack,425844,2018,34,839,784,181,114,37,2,28,199,43,23.7,5.1,.231,.390,.275,0.665,.286,
Hamels, Cole,430935,2018,34,805,715,176,113,29,5,29,188,65,23.4,8.1,.246,.422,.324,0.746,.325,
Hernandez, Felix,433587,2018,32,684,606,159,95,35,2,27,125,59,18.3,8.6,.262,.460,.338,0.798,.344,
Verlander, Justin,434378,2018,35,833,781,156,92,31,5,28,290,37,34.8,4.4,.200,.360,.242,0.602,.259,
Liriano, Francisco,434538,2018,34,586,503,127,85,18,5,19,110,73,18.8,12.5,.252,.421,.350,0.771,.337,
Hammel, Jason,434628,2018,35,582,533,168,108,37,5,18,92,39,15.8,6.7,.315,.505,.362,0.867,.368,
Sanchez, Anibal,434671,2018,34,553,497,106,68,21,2,15,135,42,24.4,7.6,.213,.354,.278,0.632,.277,
Kluber, Corey,446372,2018,32,842,801,179,118,32,4,25,222,34,26.4,4,.223,.367,.257,0.624,.270,
Hill, Rich,448179,2018,38,547,493,108,62,23,3,20,150,41,27.4,7.5,.219,.400,.289,0.689,.297,
Shields, James,448306,2018,36,871,775,190,113,41,2,34,154,78,17.7,9,.245,.435,.319,0.754,.326,
Guerra, Junior,448855,2018,33,610,542,143,90,33,1,19,136,55,22.3,9,.264,.434,.334,0.768,.333,
Morton, Charlie,450203,2018,34,695,609,130,82,27,3,18,201,64,28.9,9.2,.213,.356,.303,0.659,.293,
Lester, Jon,452657,2018,34,761,681,174,120,27,3,24,149,64,19.6,8.4,.256,.410,.324,0.734,.319,
Kennedy, Ian,453178,2018,33,518,471,125,77,26,2,20,105,40,20.3,7.7,.265,.456,.323,0.779,.334,
LeBlanc, Wade,453281,2018,33,662,614,151,94,32,1,24,130,40,19.6,6,.246,.419,.293,0.712,.306,
Scherzer, Max,453286,2018,33,866,797,150,86,36,5,23,300,51,34.6,5.9,.188,.332,.247,0.579,.252,
Richard, Clayton,453385,2018,34,682,604,159,100,35,5,19,108,60,15.8,8.8,.263,.432,.338,0.770,.334,
Arrieta, Jake,453562,2018,32,722,649,165,109,34,1,21,138,57,19.1,7.9,.254,.407,.318,0.725,.315,
Price, David,456034,2018,32,722,657,151,94,28,4,25,177,50,24.5,6.9,.230,.399,.293,0.692,.300,
Happ, J.A.,457918,2018,35,732,668,150,95,27,1,27,193,51,26.4,7,.225,.389,.288,0.677,.295,
Lynn, Lance,458681,2018,31,700,616,163,114,32,3,14,161,76,23,10.9,.265,.394,.350,0.744,.327,
Gonzalez, Gio,461829,2018,32,746,652,167,109,40,1,17,148,80,19.8,10.7,.256,.399,.335,0.734,.320,
Estrada, Marco,462136,2018,34,627,566,155,75,49,2,29,103,50,16.4,8,.274,.521,.331,0.852,.360,
Nova, Ivan,467100,2018,31,683,638,171,106,34,5,26,114,35,16.7,5.1,.268,.459,.309,0.768,.327,
Chacin, Jhoulys,468504,2018,30,796,697,153,98,32,5,18,156,71,19.6,8.9,.220,.357,.298,0.655,.287,
Carrasco, Carlos,471911,2018,31,784,726,173,115,31,6,21,231,43,29.5,5.5,.238,.384,.285,0.669,.288,
Ross, Tyson,475115,2018,31,634,556,132,83,28,4,17,122,62,19.2,9.8,.237,.394,.319,0.713,.309,
Kershaw, Clayton,477132,2018,30,649,612,139,90,30,2,17,155,29,23.9,4.5,.227,.366,.264,0.630,.272,
Cashner, Andrew,488768,2018,31,681,609,177,105,44,3,25,99,65,14.5,9.5,.291,.496,.360,0.856,.366,
Quintana, Jose,500779,2018,29,739,658,162,102,32,3,25,158,68,21.4,9.2,.246,.418,.319,0.737,.319,
Minor, Mike,501985,2018,30,640,587,138,70,38,5,25,132,38,20.6,5.9,.235,.445,.288,0.733,.312,
Archer, Chris,502042,2018,29,638,579,155,96,39,1,19,162,49,25.4,7.7,.268,.437,.330,0.767,.330,
Gibson, Kyle,502043,2018,30,826,733,177,121,30,3,23,179,79,21.7,9.6,.241,.385,.316,0.701,.306,
Cobb, Alex,502171,2018,30,661,606,172,105,38,5,24,102,43,15.4,6.5,.284,.482,.332,0.814,.345,
Leake, Mike,502190,2018,30,783,739,207,135,44,5,23,119,34,15.2,4.3,.280,.447,.316,0.763,.326,
Anderson, Chase,502624,2018,30,644,575,131,79,20,2,30,128,57,19.9,8.9,.228,.426,.305,0.731,.317,
Holland, Derek,502706,2018,31,727,640,154,90,42,3,19,169,67,23.2,9.2,.241,.405,.313,0.718,.309,
Bettis, Chad,518452,2018,29,518,456,121,73,28,2,18,80,47,15.4,9.1,.265,.454,.337,0.791,.339,
Bumgarner, Madison,518516,2018,28,551,495,118,74,27,3,14,109,43,19.8,7.8,.238,.390,.304,0.694,.300,
Duffy, Danny,518633,2018,29,692,610,161,111,24,3,23,141,70,20.4,10.1,.264,.426,.341,0.767,.333,
Harvey, Matt,518774,2018,29,663,609,165,103,32,3,27,131,37,19.8,5.6,.271,.466,.317,0.783,.334,
Porcello, Rick,519144,2018,29,808,735,177,118,29,3,27,190,48,23.5,5.9,.241,.399,.299,0.698,.303,
Sale, Chris,519242,2018,29,617,565,102,66,22,3,11,237,34,38.4,5.5,.181,.288,.243,0.531,.237,
Zimmermann, Jordan,519455,2018,32,556,521,140,83,23,6,28,111,26,20,4.7,.269,.497,.303,0.800,.338,
Teheran, Julio,527054,2018,27,724,623,122,67,25,4,26,162,84,22.4,11.6,.196,.374,.298,0.672,.295,
Anderson, Tyler,542881,2018,28,736,665,165,96,35,4,30,164,58,22.3,7.9,.248,.448,.308,0.756,.323,
Cole, Gerrit,543037,2018,27,799,723,143,86,36,2,19,276,64,34.5,8,.198,.332,.269,0.601,.265,
Gaviglio, Sam,543208,2018,28,548,498,140,91,25,3,21,105,38,19.2,6.9,.281,.470,.335,0.805,.344,
Gray, Sonny,543243,2018,28,582,511,138,90,34,0,14,123,57,21.1,9.8,.270,.419,.349,0.768,.336,
Hendricks, Kyle,543294,2018,28,812,745,184,126,31,5,22,161,44,19.8,5.4,.247,.391,.294,0.685,.295,
Montgomery, Mike,543557,2018,28,534,481,131,96,23,2,10,86,39,16.1,7.3,.272,.391,.333,0.724,.315,
Odorizzi, Jake,543606,2018,28,711,625,151,85,41,5,20,162,70,22.8,9.8,.242,.419,.324,0.743,.322,
Roark, Tanner,543699,2018,31,760,690,181,122,32,3,24,146,50,19.2,6.6,.262,.422,.319,0.741,.319,
Strasburg, Stephen,544931,2018,29,544,492,118,74,23,3,18,156,38,28.7,7,.240,.409,.302,0.711,.306,
Bauer, Trevor,545333,2018,27,717,645,134,93,30,2,9,221,57,30.8,7.9,.208,.302,.280,0.582,.260,
Tanaka, Masahiro,547888,2018,29,635,588,141,84,32,0,25,159,35,25,5.5,.240,.422,.290,0.712,.307,
Stripling, Ross,548389,2018,28,503,478,123,77,27,1,18,136,22,27,4.4,.257,.431,.291,0.722,.309,
Wheeler, Zack,554430,2018,28,744,668,150,115,20,1,14,179,55,24.1,7.4,.225,.320,.291,0.611,.272,
Urena, Jose,570632,2018,26,712,640,155,106,28,2,19,130,51,18.3,7.2,.242,.381,.308,0.689,.298,
Boyd, Matthew,571510,2018,27,709,639,146,85,33,1,27,159,51,22.4,7.2,.228,.410,.294,0.704,.305,
Corbin, Patrick,571578,2018,28,800,742,162,104,43,0,15,246,48,30.8,6,.218,.337,.270,0.607,.265,
Fiers, Mike,571666,2018,33,714,666,166,99,32,3,32,139,37,19.5,5.2,.249,.450,.296,0.746,.319,
Heaney, Andrew,571760,2018,27,749,689,171,110,31,3,27,180,45,24,6,.248,.419,.300,0.719,.310,
Matz, Steven,571927,2018,27,654,578,134,78,29,2,25,152,58,23.2,8.9,.232,.419,.312,0.731,.317,
Mikolas, Miles,571945,2018,29,808,760,186,142,24,4,16,146,29,18.1,3.6,.245,.350,.278,0.628,.271,
Paxton, James,572020,2018,29,645,598,134,85,24,2,23,208,42,32.2,6.5,.224,.386,.275,0.661,.287,
Skaggs, Tyler,572140,2018,26,533,484,127,84,27,2,14,129,40,24.2,7.5,.262,.413,.323,0.736,.320,
Keuchel, Dallas,572971,2018,30,874,802,211,144,48,1,18,153,58,17.5,6.6,.263,.393,.311,0.704,.305,
Straily, Dan,573185,2018,29,518,452,107,59,28,0,20,99,52,19.1,10,.237,.431,.323,0.754,.324,
Covey, Dylan,592229,2018,26,541,480,129,97,17,2,13,91,51,16.8,9.4,.269,.394,.340,0.734,.319,
Foltynewicz, Mike,592314,2018,26,743,666,130,83,25,5,17,202,68,27.2,9.2,.195,.324,.275,0.599,.265,
Gausman, Kevin,592332,2018,27,776,715,189,121,39,3,26,148,50,19.1,6.4,.264,.436,.317,0.753,.324,
Gray, Jon,592351,2018,26,742,677,180,113,36,4,27,183,52,24.7,7,.266,.451,.322,0.773,.332,
Ray, Robbie,592662,2018,26,526,449,97,62,16,0,19,165,70,31.4,13.3,.216,.379,.328,0.707,.312,
Syndergaard, Noah,592789,2018,25,644,592,148,111,25,3,9,155,39,24.1,6.1,.250,.348,.303,0.651,.285,
Taillon, Jameson,592791,2018,26,785,727,179,123,31,5,20,179,46,22.8,5.9,.246,.385,.296,0.681,.294,
Velasquez, Vince,592826,2018,26,630,553,138,82,35,5,16,161,59,25.6,9.4,.250,.418,.329,0.747,.325,
Williams, Trevor,592866,2018,26,701,632,146,95,33,3,15,126,55,18,7.8,.231,.364,.295,0.659,.287,
Martinez, Carlos,593372,2018,26,521,439,100,74,19,2,5,117,60,22.5,11.5,.228,.314,.333,0.647,.291,
Rodriguez, Eduardo,593958,2018,25,553,501,119,84,16,3,16,146,45,26.4,8.1,.238,.377,.304,0.681,.298,
deGrom, Jacob,594798,2018,30,835,776,152,112,27,3,10,269,46,32.2,5.5,.196,.277,.244,0.521,.230,
Gonzales, Marco,594835,2018,26,686,643,172,114,39,2,17,145,32,21.1,4.7,.267,.414,.307,0.721,.311,
Junis, Jakob,596001,2018,25,758,688,182,119,27,4,32,164,43,21.6,5.7,.265,.455,.318,0.773,.331,
Weaver, Luke,596133,2018,24,609,542,150,103,24,4,19,121,54,19.9,8.9,.277,.441,.345,0.786,.340,
Pivetta, Nick,601713,2018,25,694,624,163,112,25,2,24,188,51,27.1,7.3,.261,.423,.320,0.743,.322,
Bundy, Dylan,605164,2018,25,750,685,188,104,39,4,41,184,54,24.5,7.2,.274,.523,.332,0.855,.363,
Clevinger, Mike,605182,2018,27,809,737,164,104,36,3,21,207,67,25.6,8.3,.223,.365,.290,0.655,.288,
Fulmer, Michael,605242,2018,25,558,504,128,76,31,2,19,110,46,19.7,8.2,.254,.437,.321,0.758,.327,
Nola, Aaron,605400,2018,25,831,756,149,99,31,2,17,224,58,27,7,.197,.311,.259,0.570,.251,
Snell, Blake,605483,2018,25,700,630,112,68,27,1,16,221,64,31.6,9.1,.178,.300,.254,0.554,.246,
Suarez, Andrew,605498,2018,25,665,606,163,108,25,7,23,130,45,19.5,6.8,.269,.447,.320,0.767,.328,
Rodon, Carlos,607074,2018,25,510,441,97,60,20,2,15,90,55,17.6,10.8,.220,.376,.322,0.698,.309,
Romano, Sal,607219,2018,24,644,580,155,97,31,4,23,105,53,16.3,8.2,.267,.453,.331,0.784,.334,
Freeland, Kyle,607536,2018,25,844,757,182,133,26,6,17,173,70,20.5,8.3,.240,.358,.308,0.666,.292,
Giolito, Lucas,608337,2018,23,775,664,166,95,40,4,27,125,90,16.1,11.6,.250,.444,.350,0.794,.345,
Marquez, German,608566,2018,23,815,742,179,118,30,7,24,230,57,28.2,7,.241,.398,.300,0.698,.300,
Stratton, Chris,608717,2018,27,625,560,153,97,29,8,19,112,54,17.9,8.6,.273,.455,.336,0.791,.339,
Chen, Wei-Yin,612672,2018,32,572,511,131,80,31,1,19,111,47,19.4,8.2,.256,.432,.316,0.748,.318,
Eflin, Zach,621107,2018,24,548,499,130,78,34,2,16,123,37,22.4,6.8,.261,.433,.313,0.746,.318,
Buehler, Walker,621111,2018,23,541,493,95,66,17,0,12,151,37,27.9,6.8,.193,.300,.256,0.556,.247,
McCullers Jr., Lance,621121,2018,24,527,465,100,60,27,1,12,142,50,26.9,9.5,.215,.355,.298,0.653,.289,
Berrios, Jose,621244,2018,24,797,717,159,102,31,1,25,202,61,25.3,7.7,.222,.372,.293,0.665,.292,
Blach, Ty,621389,2018,27,512,461,133,100,23,2,8,75,41,14.6,8,.289,.399,.347,0.746,.325,
Wood, Alex,622072,2018,27,637,579,143,104,25,0,14,135,40,21.2,6.3,.247,.363,.301,0.664,.288,
Castillo, Luis,622491,2018,25,708,645,158,94,36,0,28,165,49,23.3,6.9,.245,.431,.301,0.732,.314,
Severino, Luis,622663,2018,24,780,726,173,112,39,3,19,220,46,28.2,5.9,.238,.379,.288,0.667,.290,
Lopez, Reynaldo,625643,2018,24,799,705,165,102,34,4,25,151,75,18.9,9.4,.234,.400,.313,0.713,.310,
Maeda, Kenta,628317,2018,30,532,479,115,68,31,3,13,153,43,28.8,8.1,.240,.399,.308,0.707,.304,
Manaea, Sean,640455,2018,26,654,608,141,93,24,3,21,108,32,16.5,4.9,.232,.385,.278,0.663,.287,
Keller, Brad,641745,2018,22,583,528,133,105,19,2,7,96,50,16.5,8.6,.252,.335,.317,0.652,.290,
Lauer, Eric,641778,2018,23,504,446,127,89,21,2,15,100,46,19.8,9.1,.285,.442,.358,0.800,.347,
Mahle, Tyler,641816,2018,23,506,442,125,81,20,2,22,110,53,21.7,10.5,.283,.486,.361,0.847,.360,
Yarbrough, Ryan,642232,2018,26,628,568,140,81,41,0,18,128,50,20.4,8,.246,.414,.316,0.730,.314,
Barria, Jaime,642545,2018,21,537,483,117,75,24,1,17,98,47,18.2,8.8,.242,.402,.317,0.719,.315,
Godley, Zack,643327,2018,28,791,682,177,125,32,4,16,185,81,23.4,10.2,.260,.389,.345,0.734,.322,
Flaherty, Jack,656427,2018,22,615,542,108,70,17,1,20,182,59,29.6,9.6,.199,.345,.290,0.635,.281,
Newcomb, Sean,656794,2018,25,696,607,137,94,21,4,18,160,81,23,11.6,.226,.362,.316,0.678,.300,
Lucchesi, Joey,664192,2018,25,548,493,125,77,22,3,23,145,43,26.5,7.8,.254,.450,.316,0.766,.328,
Richards, Trevor,670950,2018,25,547,479,121,75,26,5,15,130,54,23.8,9.9,.253,.422,.332,0.754,.324,
Wainwright, Adam,425794,2019,37,745,662,181,118,38,3,22,153,64,20.5,8.6,.273,.440,.342,0.782,.330,
Greinke, Zack,425844,2019,35,810,767,175,115,37,2,21,187,30,23.1,3.7,.228,.364,.260,0.624,.263,
Hamels, Cole,430935,2019,35,617,542,141,96,28,0,17,143,56,23.2,9.1,.260,.406,.334,0.740,.317,
Verlander, Justin,434378,2019,36,847,796,137,66,28,7,36,300,42,35.4,5,.172,.361,.219,0.580,.243,
Sanchez, Anibal,434671,2019,35,712,647,153,90,38,3,22,134,58,18.8,8.1,.236,.406,.302,0.708,.296,
Morton, Charlie,450203,2019,35,790,717,154,100,33,6,15,240,57,30.4,7.2,.215,.340,.283,0.623,.270,
Vargas, Jason,450306,2019,36,649,566,141,85,34,1,21,124,63,19.1,9.7,.249,.424,.327,0.751,.318,
Lester, Jon,452657,2019,35,764,698,205,139,35,5,26,165,52,21.6,6.8,.294,.470,.345,0.815,.344,
LeBlanc, Wade,453281,2019,34,532,498,145,82,33,2,28,92,31,17.3,5.8,.291,.534,.333,0.867,.359,
Scherzer, Max,453286,2019,34,693,650,144,83,43,0,18,243,33,35.1,4.8,.222,.371,.266,0.637,.269,
Arrieta, Jake,453562,2019,33,594,527,149,105,22,1,21,110,51,18.5,8.6,.283,.448,.351,0.799,.339,
Bailey, Homer,456701,2019,33,696,632,162,114,24,3,21,149,53,21.4,7.6,.256,.403,.316,0.719,.307,
Happ, J.A.,457918,2019,36,678,621,160,98,27,1,34,140,49,20.6,7.2,.258,.469,.316,0.785,.329,
Lynn, Lance,458681,2019,32,875,801,195,126,42,6,21,246,59,28.1,6.7,.243,.390,.300,0.690,.294,
Nova, Ivan,467100,2019,32,806,743,225,151,44,0,30,114,47,14.1,5.8,.303,.483,.350,0.833,.351,
Anderson, Brett,474463,2019,31,743,682,181,126,33,2,20,90,49,12.1,6.6,.265,.408,.317,0.725,.308,
Kershaw, Clayton,477132,2019,31,706,654,145,91,23,3,28,189,41,26.8,5.8,.222,.394,.269,0.663,.280,
Cashner, Andrew,488768,2019,32,636,570,144,93,27,5,19,108,58,17,9.1,.253,.418,.324,0.742,.317,
Miley, Wade,489119,2019,32,720,646,164,114,25,2,23,140,61,19.4,8.5,.254,.406,.321,0.727,.311,
Quintana, Jose,500779,2019,30,745,678,191,126,43,2,20,152,46,20.4,6.2,.282,.440,.323,0.763,.321,
Pineda, Michael,501381,2019,30,600,558,141,90,26,2,23,140,28,23.3,4.7,.253,.430,.291,0.721,.301,
Minor, Mike,501985,2019,31,863,779,190,132,28,0,30,200,68,23.2,7.9,.244,.395,.308,0.703,.301,
Archer, Chris,502042,2019,30,526,458,114,69,18,2,25,143,55,27.2,10.5,.249,.461,.333,0.794,.334,
Gibson, Kyle,502043,2019,31,706,637,175,118,30,4,23,160,56,22.7,7.9,.275,.443,.339,0.782,.333,
Samardzija, Jeff,502188,2019,34,740,677,152,91,24,9,28,140,49,18.9,6.6,.225,.411,.281,0.692,.289,
Leake, Mike,502190,2019,31,835,793,227,138,45,3,41,127,27,15.2,3.2,.286,.506,.317,0.823,.341,
Anderson, Chase,502624,2019,31,592,526,126,68,29,6,23,124,50,20.9,8.4,.240,.449,.314,0.763,.320,
Darvish, Yu,506433,2019,32,731,657,140,80,23,4,33,229,56,31.3,7.7,.213,.411,.284,0.695,.294,
Bumgarner, Madison,518516,2019,29,844,780,191,115,41,5,30,203,43,24.1,5.1,.245,.426,.291,0.717,.300,
Duffy, Danny,518633,2019,30,555,498,125,75,28,1,21,115,46,20.7,8.3,.251,.438,.323,0.761,.323,
Kelly, Merrill,518876,2019,30,777,709,184,113,38,4,29,158,57,20.3,7.3,.260,.447,.314,0.761,.318,
Porcello, Rick,519144,2019,30,768,712,198,119,43,5,31,143,45,18.6,5.9,.278,.483,.326,0.809,.338,
Sale, Chris,519242,2019,30,612,556,123,67,30,2,24,218,37,35.6,6,.221,.412,.284,0.696,.294,
Zimmermann, Jordan,519455,2019,33,504,466,145,90,29,7,19,82,25,16.3,5,.311,.526,.351,0.877,.363,
Perez, Martin,527048,2019,28,737,659,184,125,36,0,23,135,67,18.3,9.1,.279,.439,.346,0.785,.334,
Teheran, Julio,527054,2019,28,754,645,148,91,33,2,22,162,83,21.5,11,.229,.389,.328,0.717,.310,
Cole, Gerrit,543037,2019,28,817,762,142,82,30,1,29,326,48,39.9,5.9,.186,.343,.237,0.580,.246,
DeSclafani, Anthony,543101,2019,29,696,635,151,93,28,1,29,167,49,24,7,.238,.422,.295,0.717,.300,
Gray, Sonny,543243,2019,29,708,622,122,80,21,4,17,205,68,29,9.6,.196,.325,.281,0.606,.265,
Hendricks, Kyle,543294,2019,29,730,675,168,108,39,2,19,150,32,20.5,4.4,.249,.397,.290,0.687,.290,
Lyles, Jordan,543475,2019,28,599,538,131,73,28,5,25,146,55,24.4,9.2,.243,.454,.313,0.767,.321,
Odorizzi, Jake,543606,2019,29,658,593,139,92,29,2,16,178,53,27.1,8.1,.234,.371,.300,0.671,.289,
Roark, Tanner,543699,2019,32,722,655,180,113,36,3,28,158,51,21.9,7.1,.275,.467,.338,0.805,.340,
Strasburg, Stephen,544931,2019,30,841,768,161,107,25,5,24,251,56,29.8,6.7,.210,.349,.271,0.620,.265,
Bauer, Trevor,545333,2019,28,911,800,184,100,43,7,34,253,82,27.8,9,.230,.429,.315,0.744,.316,
Tanaka, Masahiro,547888,2019,30,759,713,186,111,43,4,28,149,40,19.6,5.3,.261,.450,.300,0.750,.314,
Ryu, Hyun Jin,547943,2019,32,723,685,160,108,35,0,17,163,24,22.5,3.3,.234,.359,.263,0.622,.263,
Wheeler, Zack,554430,2019,29,828,760,196,140,33,1,22,195,50,23.6,6,.258,.391,.303,0.694,.294,
Boyd, Matthew,571510,2019,28,788,721,178,101,36,2,39,238,50,30.2,6.3,.247,.465,.301,0.766,.320,
Corbin, Patrick,571578,2019,29,835,746,169,107,37,1,24,238,70,28.5,8.4,.227,.375,.293,0.668,.285,
Fiers, Mike,571666,2019,34,754,683,166,115,19,2,30,126,53,16.7,7,.243,.408,.304,0.712,.303,
Matz, Steven,571927,2019,28,691,626,163,100,32,4,27,153,52,22.1,7.5,.260,.454,.324,0.778,.325,
Mikolas, Miles,571945,2019,30,764,710,193,127,33,6,27,144,32,18.8,4.2,.272,.449,.311,0.760,.319,
Paxton, James,572020,2019,30,633,570,138,83,30,2,23,186,55,29.4,8.7,.242,.423,.309,0.732,.310,
Stroman, Marcus,573186,2019,28,774,711,183,131,32,2,18,159,58,20.5,7.5,.257,.384,.313,0.697,.299,
Kikuchi, Yusei,579328,2019,28,721,660,195,112,41,6,36,116,50,16.1,6.9,.295,.539,.348,0.887,.368,
Gray, Jon,592351,2019,27,637,567,147,89,34,5,19,150,56,23.5,8.8,.259,.437,.329,0.766,.323,
Ray, Robbie,592662,2019,27,747,642,150,82,33,5,30,235,84,31.5,11.2,.234,.441,.325,0.766,.322,
Sampson, Adrian,592716,2019,27,563,516,156,83,38,6,29,101,36,17.9,6.4,.302,.568,.357,0.925,.382,
Sanchez, Aaron,592717,2019,26,605,521,145,94,29,2,20,115,68,19,11.2,.278,.457,.371,0.828,.353,
Smith, Caleb,592761,2019,27,646,573,128,64,29,2,33,168,60,26,9.3,.223,.454,.301,0.755,.315,
Smyly, Drew,592767,2019,30,514,453,126,67,23,4,32,120,55,23.3,10.7,.278,.558,.357,0.915,.379,
Syndergaard, Noah,592789,2019,26,824,758,194,129,37,4,24,202,49,24.5,5.9,.256,.410,.303,0.713,.301,
Velasquez, Vince,592826,2019,27,516,458,120,68,22,4,26,130,43,25.2,8.3,.262,.498,.335,0.833,.347,
Williams, Trevor,592866,2019,27,636,571,162,90,40,5,27,113,44,17.8,6.9,.284,.513,.338,0.851,.351,
German, Domingo,593334,2019,26,594,548,125,68,27,0,30,153,39,25.8,6.6,.228,.442,.285,0.727,.305,
Rodriguez, Eduardo,593958,2019,26,859,770,195,139,30,2,24,213,75,24.8,8.7,.253,.391,.323,0.714,.307,
deGrom, Jacob,594798,2019,31,804,745,154,106,28,1,19,255,44,31.7,5.5,.207,.323,.257,0.580,.250,
Gonzales, Marco,594835,2019,27,866,794,210,134,50,3,23,147,56,17,6.5,.264,.422,.314,0.736,.311,
Beede, Tyler,595881,2019,26,523,468,127,84,19,2,22,113,46,21.6,8.8,.271,.462,.341,0.803,.339,
Junis, Jakob,596001,2019,26,771,696,192,122,37,2,31,164,58,21.3,7.5,.276,.468,.339,0.807,.340,
Norris, Daniel,596057,2019,26,610,560,154,97,28,4,25,125,38,20.5,6.2,.275,.473,.324,0.797,.334,
Bassitt, Chris,605135,2019,30,612,545,125,80,21,3,21,141,47,23,7.7,.229,.394,.303,0.697,.299,
Bundy, Dylan,605164,2019,26,700,628,161,91,40,1,29,162,58,23.1,8.3,.256,.462,.322,0.784,.329,
Davies, Zach,605200,2019,26,672,606,155,103,27,5,20,102,51,15.2,7.6,.256,.416,.313,0.729,.309,
Lopez, Jorge,605347,2019,26,548,489,140,85,26,2,27,109,42,19.9,7.7,.286,.513,.350,0.863,.360,
Musgrove, Joe,605397,2019,26,718,662,168,94,48,5,21,157,39,21.9,5.4,.254,.437,.302,0.739,.309,
Nola, Aaron,605400,2019,26,852,755,176,112,34,3,27,229,80,26.9,9.4,.233,.393,.315,0.708,.304,
Turnbull, Spencer,605513,2019,26,656,576,154,102,34,4,14,146,59,22.3,9,.267,.413,.350,0.763,.329,
Means, John,607644,2019,26,637,590,138,79,33,3,23,121,38,19,6,.234,.417,.285,0.702,.295,
Fried, Max,608331,2019,25,702,644,174,120,33,0,21,173,47,24.6,6.7,.270,.419,.324,0.743,.315,
Giolito, Lucas,608337,2019,24,705,640,131,75,28,4,24,228,57,32.3,8.1,.205,.373,.273,0.646,.275,
Wacha, Michael,608379,2019,27,561,493,143,91,25,1,26,104,54,18.5,9.6,.290,.503,.360,0.863,.360,
Marquez, German,608566,2019,24,721,671,174,114,27,4,29,175,35,24.3,4.9,.259,.441,.299,0.740,.311,
Eflin, Zach,621107,2019,25,705,642,172,110,34,0,28,129,48,18.3,6.8,.268,.452,.323,0.775,.325,
Buehler, Walker,621111,2019,24,737,685,153,99,29,5,20,215,37,29.2,5,.223,.368,.268,0.636,.270,
Berrios, Jose,621244,2019,25,842,774,194,130,35,3,26,195,51,23.2,6.1,.251,.404,.302,0.706,.300,
Castillo, Luis,622491,2019,26,780,688,139,87,29,1,22,226,78,29,10,.202,.343,.289,0.632,.277,
Senzatela, Antonio,622608,2019,24,582,514,161,102,38,2,19,76,57,13.1,9.8,.313,.506,.384,0.890,.373,
Lopez, Reynaldo,625643,2019,25,809,729,203,121,44,3,35,169,65,20.9,8,.278,.491,.342,0.833,.349,
Maeda, Kenta,628317,2019,31,624,564,114,67,21,4,22,169,51,27.1,8.2,.202,.371,.272,0.643,.274,
Chirinos, Yonny,630023,2019,25,530,498,112,67,19,3,23,114,28,21.5,5.3,.225,.414,.270,0.684,.286,
Hudson, Dakota,641712,2019,24,757,652,160,101,37,0,22,136,86,18,11.4,.245,.403,.338,0.741,.316,
Keller, Brad,641745,2019,23,709,624,154,110,19,10,15,122,70,17.2,9.9,.247,.381,.329,0.710,.307,
Lauer, Eric,641778,2019,24,651,589,158,103,35,0,20,138,51,21.2,7.8,.268,.430,.330,0.760,.321,
Mahle, Tyler,641816,2019,24,556,512,136,89,21,1,25,129,34,23.2,6.1,.266,.457,.318,0.775,.326,
Sparkman, Glenn,642098,2019,27,606,554,164,98,34,2,30,81,41,13.4,6.8,.296,.527,.349,0.876,.364,
Yarbrough, Ryan,642232,2019,27,563,530,121,72,31,3,15,117,20,20.8,3.6,.228,.383,.267,0.650,.273,
Jurado, Ariel,642558,2019,23,541,487,148,87,35,5,21,81,36,15,6.7,.304,.526,.351,0.877,.362,
Brault, Steven,643230,2019,27,505,441,117,72,29,1,15,100,53,19.8,10.5,.265,.438,.353,0.791,.338,
Alcantara, Sandy,645261,2019,23,838,743,179,111,43,2,23,151,81,18,9.7,.241,.397,.322,0.719,.308,
Soroka, Michael,647336,2019,21,701,647,153,116,21,2,14,142,41,20.3,5.8,.236,.340,.288,0.628,.272,
Flaherty, Jack,656427,2019,23,772,704,135,85,24,1,25,231,55,29.9,7.1,.192,.335,.256,0.591,.254,
Thornton, Trent,663423,2019,25,676,603,156,99,29,4,24,149,60,22,8.9,.259,.439,.327,0.766,.325,
Paddack, Chris,663978,2019,23,568,524,107,62,21,1,23,153,31,26.9,5.5,.204,.380,.255,0.635,.268,
Lucchesi, Joey,664192,2019,26,686,619,144,86,32,3,23,158,56,23,8.2,.233,.405,.297,0.702,.298,
Bieber, Shane,669456,2019,24,859,810,186,117,37,1,31,259,40,30.2,4.7,.230,.393,.271,0.664,.280,
Richards, Trevor,670950,2019,26,580,510,127,80,25,3,19,127,56,21.9,9.7,.249,.422,.327,0.749,.316,
Wainwright, Adam,425794,2020,38,262,244,54,36,9,0,9,54,15,20.6,5.7,.221,.369,.271,0.640,.277,
Greinke, Zack,425844,2020,36,273,262,67,42,17,2,6,67,9,24.5,3.3,.256,.405,.282,0.687,.293,
Sanchez, Anibal,434671,2020,36,245,224,70,44,13,2,11,43,18,17.6,7.3,.313,.536,.371,0.907,.383,
Lester, Jon,452657,2020,36,265,244,64,39,13,1,11,42,17,15.8,6.4,.262,.459,.318,0.777,.333,
Scherzer, Max,453286,2020,35,295,269,70,47,12,1,10,92,23,31.2,7.8,.260,.424,.319,0.743,.319,
Arrieta, Jake,453562,2020,34,190,171,51,36,9,0,6,32,16,16.8,8.4,.298,.456,.358,0.814,.351,
Cueto, Johnny,456501,2020,34,277,246,61,38,12,2,9,56,26,20.2,9.4,.248,.423,.325,0.748,.324,
Happ, J.A.,457918,2020,37,196,178,37,22,7,0,8,42,15,21.4,7.7,.208,.382,.273,0.655,.284,
Lindblom, Josh,458676,2020,33,191,172,42,27,7,2,6,52,16,27.2,8.4,.244,.413,.319,0.732,.319,
Lynn, Lance,458681,2020,33,344,311,64,35,15,1,13,89,25,25.9,7.3,.206,.386,.277,0.663,.287,
Carrasco, Carlos,471911,2020,33,280,249,55,36,11,0,8,82,27,29.3,9.6,.221,.361,.301,0.662,.292,
Anderson, Brett,474463,2020,32,202,185,50,30,12,2,6,32,10,15.8,5,.270,.454,.317,0.771,.328,
Kershaw, Clayton,477132,2020,32,221,211,41,22,10,1,8,62,8,28.1,3.6,.194,.365,.226,0.591,.251,
Minor, Mike,501985,2020,32,239,217,50,32,7,0,11,62,20,25.9,8.4,.230,.415,.297,0.712,.307,
Gibson, Kyle,502043,2020,32,301,265,73,50,9,2,12,58,30,19.3,10,.275,.460,.362,0.822,.356,
Cobb, Alex,502171,2020,32,226,206,52,35,8,1,8,38,18,16.8,8,.252,.417,.319,0.736,.320,
Darvish, Yu,506433,2020,33,297,280,59,40,12,2,5,93,14,31.3,4.7,.211,.321,.253,0.574,.250,
Bumgarner, Madison,518516,2020,30,190,170,47,22,12,0,13,30,13,15.8,6.8,.276,.576,.347,0.923,.383,
Duffy, Danny,518633,2020,31,242,213,53,33,10,0,10,57,22,23.6,9.1,.249,.437,.320,0.757,.324,
Porcello, Rick,519144,2020,31,261,244,74,53,15,1,5,54,15,20.7,5.7,.303,.434,.349,0.783,.340,
Perez, Martin,527048,2020,29,262,229,55,31,16,0,8,46,28,17.6,10.7,.240,.415,.330,0.745,.325,
Anderson, Tyler,542881,2020,30,260,227,58,35,16,2,5,41,25,15.8,9.6,.256,.410,.336,0.746,.325,
Cole, Gerrit,543037,2020,29,288,269,53,25,14,0,14,94,17,32.6,5.9,.197,.405,.250,0.655,.279,
Eovaldi, Nathan,543135,2020,30,199,187,51,31,10,2,8,52,7,26.1,3.5,.273,.476,.313,0.789,.336,
Gray, Sonny,543243,2020,30,235,207,42,29,8,1,4,72,26,30.6,11.1,.203,.309,.298,0.607,.275,
Hendricks, Kyle,543294,2020,30,315,304,73,53,10,0,10,64,8,20.3,2.5,.240,.372,.260,0.632,.269,
Lyles, Jordan,543475,2020,29,266,235,67,43,11,1,12,36,23,13.5,8.6,.285,.494,.347,0.841,.356,
Roark, Tanner,543699,2020,33,220,194,60,31,13,2,14,41,23,18.6,10.5,.309,.613,.386,0.999,.417,
Bauer, Trevor,545333,2020,29,278,258,41,25,4,3,9,100,17,36,6.1,.159,.302,.219,0.521,.227,
Tanaka, Masahiro,547888,2020,31,197,187,48,30,8,1,9,44,8,22.3,4.1,.257,.455,.294,0.749,.319,
Ryu, Hyun Jin,547943,2020,33,275,256,60,42,12,0,6,72,17,26.2,6.2,.234,.352,.285,0.637,.279,
Stripling, Ross,548389,2020,30,220,199,56,32,10,1,13,40,18,18.2,8.2,.281,.538,.344,0.882,.373,
Wheeler, Zack,554430,2020,30,288,264,67,48,16,0,3,53,16,18.4,5.6,.254,.348,.314,0.662,.291,
Boyd, Matthew,571510,2020,29,271,241,67,33,17,2,15,60,22,22.1,8.1,.278,.552,.348,0.900,.378,
Corbin, Patrick,571578,2020,30,295,276,85,57,16,2,10,60,18,20.3,6.1,.308,.489,.349,0.838,.357,
Fiers, Mike,571666,2020,35,257,236,65,46,9,1,9,37,16,14.4,6.2,.275,.436,.331,0.767,.332,
Heaney, Andrew,571760,2020,29,279,256,63,39,14,1,9,70,19,25.1,6.8,.246,.414,.301,0.715,.306,
Richards, Garrett,572070,2020,32,213,193,47,29,10,1,7,46,17,21.6,8,.244,.415,.310,0.725,.313,
Keuchel, Dallas,572971,2020,32,257,238,52,41,8,1,2,42,17,16.3,6.6,.218,.286,.271,0.557,.249,
Kikuchi, Yusei,579328,2020,29,194,172,41,26,11,1,3,47,20,24.2,10.3,.238,.366,.314,0.680,.299,
Gausman, Kevin,592332,2020,29,245,226,50,30,10,2,8,79,16,32.2,6.5,.221,.389,.270,0.659,.283,
Ray, Robbie,592662,2020,28,251,203,53,26,14,0,13,68,45,27.1,17.9,.261,.522,.394,0.916,.390,
Walker, Taijuan,592836,2020,27,225,201,43,28,7,0,8,50,19,22.2,8.4,.214,.368,.293,0.661,.291,
Williams, Trevor,592866,2020,28,252,223,66,41,10,0,15,49,21,19.4,8.3,.296,.543,.363,0.906,.382,
Montas, Frankie,593423,2020,27,237,211,57,37,9,1,10,60,23,25.3,9.7,.270,.464,.342,0.806,.346,
deGrom, Jacob,594798,2020,32,268,248,47,28,12,0,7,104,18,38.8,6.7,.190,.323,.243,0.566,.246,
Gonzales, Marco,594835,2020,28,277,266,59,38,13,0,8,64,7,23.1,2.5,.222,.361,.253,0.614,.265,
Weaver, Luke,596133,2020,26,236,216,63,35,16,2,10,55,18,23.3,7.6,.292,.523,.347,0.870,.368,
Bassitt, Chris,605135,2020,31,261,240,56,35,15,0,6,55,17,21.1,6.5,.233,.371,.288,0.659,.287,
Bundy, Dylan,605164,2020,27,267,245,51,30,14,2,5,72,17,27,6.4,.208,.343,.271,0.614,.268,
Davies, Zach,605200,2020,27,276,255,55,37,8,1,9,63,19,22.8,6.9,.216,.361,.269,0.630,.273,
Houser, Adrian,605288,2020,27,246,221,63,42,12,1,8,44,21,17.9,8.5,.285,.457,.358,0.815,.353,
Nola, Aaron,605400,2020,27,289,263,54,33,12,0,9,96,23,33.2,8,.205,.354,.273,0.627,.272,
Snell, Blake,605483,2020,27,203,184,42,25,7,0,10,63,18,31,8.9,.228,.429,.297,0.726,.312,
Turnbull, Spencer,605513,2020,27,242,208,47,30,13,2,2,51,29,21.1,12,.226,.337,.325,0.662,.296,
Woodruff, Brandon,605540,2020,27,293,270,55,37,8,1,9,91,18,31.1,6.1,.204,.341,.263,0.604,.264,
Glasnow, Tyler,607192,2020,26,238,215,43,24,6,2,11,91,22,38.2,9.2,.200,.400,.273,0.673,.289,
Fedde, Erick,607200,2020,27,222,195,47,28,9,0,10,28,22,12.6,9.9,.241,.441,.326,0.767,.328,
Freeland, Kyle,607536,2020,27,304,277,77,52,16,0,9,46,23,15.1,7.6,.278,.433,.339,0.772,.335,
Fried, Max,608331,2020,26,224,199,42,23,16,1,2,50,19,22.3,8.5,.211,.332,.290,0.622,.276,
Giolito, Lucas,608337,2020,25,288,255,47,31,8,0,8,97,28,33.7,9.7,.184,.310,.267,0.577,.257,
Marquez, German,608566,2020,25,344,316,78,53,16,3,6,73,25,21.2,7.3,.247,.373,.299,0.672,.292,
Voth, Austin,608723,2020,28,225,203,57,27,15,1,14,44,18,19.6,8,.281,.571,.351,0.922,.385,
Eflin, Zach,621107,2020,26,245,228,60,34,18,0,8,70,15,28.6,6.1,.263,.447,.311,0.758,.325,
McCullers Jr., Lance,621121,2020,26,227,200,44,19,18,2,5,56,20,24.7,8.8,.220,.405,.305,0.710,.308,
Mills, Alec,621219,2020,28,252,230,53,29,11,0,13,46,19,18.3,7.5,.230,.448,.294,0.742,.316,
Berrios, Jose,621244,2020,26,271,240,57,39,9,1,8,68,26,25.1,9.6,.237,.383,.317,0.700,.307,
Young, Alex,622065,2020,26,204,184,51,25,13,2,11,39,14,19.1,6.9,.277,.549,.324,0.873,.361,
Castillo, Luis,622491,2020,27,292,266,62,38,18,1,5,89,24,30.5,8.2,.233,.365,.298,0.663,.290,
Senzatela, Antonio,622608,2020,25,303,279,71,49,10,3,9,41,18,13.5,5.9,.254,.409,.307,0.716,.309,
Castellani, Ryan,624418,2020,24,189,157,37,18,5,2,12,25,26,13.2,13.8,.236,.522,.360,0.882,.374,
Maeda, Kenta,628317,2020,32,248,238,40,26,4,1,9,80,10,32.3,4,.168,.307,.202,0.509,.219,
Urias, Julio,628711,2020,23,224,205,45,33,7,0,5,45,18,20.1,8,.220,.327,.281,0.608,.269,
Manaea, Sean,640455,2020,28,222,211,57,39,10,1,7,45,8,20.3,3.6,.270,.427,.297,0.724,.309,
Lopez, Pablo,641154,2020,24,240,217,50,33,13,0,4,59,18,24.6,7.5,.230,.346,.292,0.638,.278,
Keller, Brad,641745,2020,24,215,193,39,35,2,0,2,35,17,16.3,7.9,.202,.244,.270,0.514,.236,
Kuhl, Chad,641771,2020,27,197,165,35,21,6,0,8,44,28,22.3,14.2,.212,.394,.333,0.727,.322,
Mahle, Tyler,641816,2020,25,201,172,34,19,6,3,6,60,21,29.9,10.4,.198,.372,.294,0.666,.290,
Yarbrough, Ryan,642232,2020,28,234,211,54,39,10,0,5,44,12,18.8,5.1,.256,.374,.315,0.689,.301,
Dunn, Justin,643290,2020,24,198,164,31,16,4,1,10,38,31,19.2,15.7,.189,.409,.323,0.732,.319,
Civale, Aaron,650644,2020,25,312,291,82,51,17,3,11,69,16,22.1,5.1,.282,.474,.324,0.798,.339,
Canning, Griffin,656288,2020,24,238,210,54,33,11,2,8,56,23,23.5,9.7,.257,.443,.328,0.771,.330,
Cease, Dylan,656302,2020,24,255,214,50,23,14,1,12,44,34,17.3,13.3,.234,.477,.350,0.827,.354,
Montgomery, Jordan,656756,2020,27,193,181,48,31,9,1,7,47,9,24.4,4.7,.265,.442,.307,0.749,.321,
Peterson, David,656849,2020,24,205,178,36,22,9,0,5,40,24,19.5,11.7,.202,.337,.307,0.644,.290,
Sheffield, Justus,656954,2020,24,232,207,52,45,5,0,2,48,20,20.7,8.6,.251,.304,.323,0.627,.285,
Webb, Logan,657277,2020,23,246,212,61,40,16,1,4,46,24,18.7,9.8,.288,.429,.377,0.806,.353,
Lamet, Dinelson,659275,2020,27,267,242,39,25,9,0,5,93,20,34.8,7.5,.161,.260,.236,0.496,.225,
Bubic, Kris,663460,2020,22,222,198,52,35,8,1,8,49,22,22.1,9.9,.263,.434,.342,0.776,.336,
Singer, Brady,663903,2020,23,263,236,52,37,6,1,8,61,23,23.2,8.7,.220,.356,.293,0.649,.285,
Paddack, Chris,663978,2020,24,245,229,60,32,12,2,14,58,12,23.7,4.9,.262,.515,.302,0.817,.342,
Brubaker, JT,664141,2020,26,205,183,48,30,12,0,6,48,17,23.4,8.3,.262,.426,.332,0.758,.328,
Valdez, Framber,664285,2020,26,288,263,63,49,6,3,5,76,16,26.4,5.6,.240,.342,.293,0.635,.279,
Javier, Cristian,664299,2020,23,214,192,36,19,6,0,11,54,18,25.2,8.4,.188,.391,.262,0.653,.280,
Luzardo, Jesus,666200,2020,22,248,226,58,37,12,0,9,59,17,23.8,6.9,.257,.429,.316,0.745,.320,
Plesac, Zach,668676,2020,25,206,199,38,24,5,1,8,57,6,27.7,2.9,.191,.347,.218,0.565,.241,
Gallen, Zac,668678,2020,24,291,262,55,40,6,0,9,82,25,28.2,8.6,.210,.336,.284,0.620,.275,
May, Dustin,669160,2020,22,224,205,45,32,4,0,9,44,16,19.6,7.1,.220,.371,.278,0.649,.282,
Burnes, Corbin,669203,2020,25,240,213,37,27,6,2,2,88,24,36.7,10,.174,.249,.267,0.516,.239,
Bieber, Shane,669456,2020,25,297,275,46,33,6,0,7,122,21,41.1,7.1,.167,.265,.229,0.494,.222,
Dobnak, Randy,677976,2020,25,200,180,50,40,7,0,3,27,13,13.5,6.5,.278,.367,.338,0.705,.313,
Wainwright, Adam,425794,2021,39,828,765,168,111,34,2,21,174,50,21,6,.220,.352,.275,0.627,.273,
Greinke, Zack,425844,2021,37,697,652,164,105,29,0,30,120,36,17.2,5.2,.252,.434,.291,0.725,.309,
Hill, Rich,448179,2021,41,661,582,137,83,32,1,21,150,55,22.7,8.3,.235,.402,.316,0.718,.313,
Morton, Charlie,450203,2021,37,756,669,136,100,17,3,16,216,58,28.6,7.7,.203,.309,.281,0.590,.264,
Lester, Jon,452657,2021,37,627,558,159,101,33,0,25,91,55,14.5,8.8,.285,.478,.349,0.827,.352,
Scherzer, Max,453286,2021,36,693,644,119,73,21,2,23,236,36,34.1,5.2,.185,.331,.239,0.570,.248,
Happ, J.A.,457918,2021,38,671,615,177,106,35,6,30,122,48,18.2,7.2,.288,.511,.341,0.852,.361,
Lynn, Lance,458681,2021,34,641,588,123,84,20,1,18,176,45,27.5,7,.209,.338,.267,0.605,.264,
Miley, Wade,489119,2021,34,690,627,166,112,35,2,17,125,50,18.1,7.2,.265,.408,.321,0.729,.317,
Minor, Mike,501985,2021,33,669,619,156,91,35,4,26,149,41,22.3,6.1,.252,.447,.303,0.750,.321,
Gibson, Kyle,502043,2021,33,754,675,158,107,32,2,17,155,64,20.6,8.5,.234,.363,.306,0.669,.293,
Darvish, Yu,506433,2021,34,681,623,138,70,35,5,28,199,44,29.2,6.5,.222,.429,.279,0.708,.301,
Bumgarner, Madison,518516,2021,31,613,553,134,75,33,2,24,124,39,20.2,6.4,.242,.439,.302,0.741,.315,
Harvey, Matt,518774,2021,32,582,536,160,104,33,4,19,95,37,16.3,6.4,.299,.481,.348,0.829,.355,
Kelly, Merrill,518876,2021,32,667,612,163,107,31,4,21,130,41,19.5,6.1,.266,.433,.315,0.748,.319,
Perez, Martin,527048,2021,30,509,459,136,91,24,2,19,97,36,19.1,7.1,.296,.481,.356,0.837,.358,
Anderson, Tyler,542881,2021,31,703,648,170,107,30,6,27,134,38,19.1,5.4,.262,.452,.301,0.753,.319,
Cole, Gerrit,543037,2021,30,726,677,151,99,27,1,24,243,41,33.5,5.6,.223,.372,.267,0.639,.276,
DeSclafani, Anthony,543101,2021,31,676,626,141,98,22,2,19,152,42,22.5,6.2,.225,.358,.276,0.634,.276,
Eovaldi, Nathan,543135,2021,31,764,719,182,109,54,4,15,195,35,25.5,4.6,.253,.402,.294,0.696,.298,
Gray, Sonny,543243,2021,31,575,512,115,76,15,5,19,155,50,27,8.7,.225,.385,.302,0.687,.300,
Hendricks, Kyle,543294,2021,31,785,719,200,121,43,5,31,131,44,16.7,5.6,.278,.481,.330,0.811,.345,
Lyles, Jordan,543475,2021,30,769,697,194,119,34,3,38,146,56,19,7.3,.278,.499,.335,0.834,.354,
Ryu, Hyun Jin,547943,2021,34,701,658,170,105,38,3,24,143,37,20.4,5.3,.258,.435,.299,0.734,.313,
Wheeler, Zack,554430,2021,31,849,785,169,121,29,3,16,247,46,29.1,5.4,.215,.321,.265,0.586,.257,
Corbin, Patrick,571578,2021,31,751,672,192,119,32,4,37,143,60,19,8,.286,.510,.345,0.855,.362,
Heaney, Andrew,571760,2021,30,558,507,130,72,28,1,29,150,41,26.9,7.3,.256,.487,.317,0.804,.341,
Matz, Steven,571927,2021,30,647,597,158,113,24,3,18,144,43,22.3,6.6,.265,.405,.320,0.725,.315,
Richards, Garrett,572070,2021,33,617,547,158,101,35,3,19,115,60,18.6,9.7,.289,.468,.361,0.829,.356,
Keuchel, Dallas,572971,2021,33,720,652,189,125,34,5,25,95,59,13.2,8.2,.290,.472,.355,0.827,.356,
Stroman, Marcus,573186,2021,30,729,665,161,118,23,3,17,158,43,21.7,5.9,.242,.362,.292,0.654,.284,
Kikuchi, Yusei,579328,2021,30,666,597,145,88,28,2,27,163,62,24.5,9.3,.243,.432,.319,0.751,.325,
Foltynewicz, Mike,592314,2021,29,586,535,139,68,34,2,35,97,36,16.6,6.1,.260,.527,.316,0.843,.355,
Gausman, Kevin,592332,2021,30,775,715,150,97,29,4,20,227,50,29.3,6.5,.210,.345,.264,0.609,.265,
Gray, Jon,592351,2021,29,644,572,140,87,27,5,21,157,58,24.4,9,.245,.420,.321,0.741,.320,
Ray, Robbie,592662,2021,29,773,714,150,83,31,3,33,248,52,32.1,6.7,.210,.401,.267,0.668,.287,
Smyly, Drew,592767,2021,32,546,494,133,83,23,0,27,117,41,21.4,7.5,.269,.480,.326,0.806,.342,
Taillon, Jameson,592791,2021,29,603,547,130,78,27,1,24,140,44,23.2,7.3,.238,.422,.299,0.721,.309,
Walker, Taijuan,592836,2021,28,654,590,133,82,25,0,26,146,55,22.3,8.4,.225,.400,.294,0.694,.301,
Montas, Frankie,593423,2021,28,778,707,164,108,33,3,20,207,57,26.6,7.3,.232,.372,.294,0.666,.290,
Rodriguez, Eduardo,593958,2021,28,675,622,172,111,41,1,19,185,47,27.4,7,.277,.437,.328,0.765,.330,
Gonzales, Marco,594835,2021,29,585,535,125,61,33,2,29,108,42,18.5,7.2,.234,.465,.295,0.760,.321,
Pivetta, Nick,601713,2021,28,661,585,137,80,31,2,24,175,65,26.5,9.8,.234,.417,.314,0.731,.316,
Bassitt, Chris,605135,2021,32,637,583,127,82,29,1,15,159,39,25,6.1,.218,.348,.278,0.626,.274,
Davies, Zach,605200,2021,28,668,577,162,95,41,1,25,114,75,17.1,11.2,.281,.485,.367,0.852,.366,
Houser, Adrian,605288,2021,28,599,518,118,86,18,2,12,105,64,17.5,10.7,.228,.340,.323,0.663,.297,
Lopez, Jorge,605347,2021,28,555,485,142,92,28,1,21,112,56,20.2,10.1,.293,.485,.375,0.860,.369,
Musgrove, Joe,605397,2021,28,748,667,142,89,27,4,22,203,54,27.1,7.2,.213,.364,.287,0.651,.284,
Nola, Aaron,605400,2021,28,749,696,165,105,29,5,26,223,39,29.8,5.2,.237,.405,.286,0.691,.297,
Snell, Blake,605483,2021,28,550,472,101,58,26,1,16,170,69,30.9,12.5,.214,.375,.317,0.692,.305,
Woodruff, Brandon,605540,2021,28,708,650,130,93,16,3,18,211,43,29.8,6.1,.200,.317,.256,0.573,.252,
Rodon, Carlos,607074,2021,28,534,481,91,62,15,1,13,185,36,34.6,6.7,.189,.306,.255,0.561,.247,
Fedde, Erick,607200,2021,28,590,524,144,91,29,1,23,128,48,21.7,8.1,.275,.466,.337,0.803,.340,
Freeland, Kyle,607536,2021,28,515,469,133,85,28,0,20,105,38,20.4,7.4,.284,.471,.342,0.813,.349,
Means, John,607644,2021,28,590,557,125,73,21,1,30,134,26,22.7,4.4,.224,.427,.263,0.690,.294,
Fried, Max,608331,2021,27,667,612,139,94,28,2,15,158,41,23.7,6.1,.227,.353,.282,0.635,.278,
Giolito, Lucas,608337,2021,26,719,662,145,87,27,4,27,201,51,28,7.1,.219,.394,.276,0.670,.288,
Irvin, Cole,608344,2021,27,768,710,195,136,35,1,23,125,42,16.3,5.5,.275,.424,.322,0.746,.323,
Wacha, Michael,608379,2021,29,528,488,132,83,25,1,23,121,31,22.9,5.9,.270,.467,.317,0.784,.334,
Marquez, German,608566,2021,26,756,682,165,108,35,1,21,176,64,23.3,8.5,.242,.389,.311,0.700,.303,
Quantrill, Cal,615698,2021,26,616,552,129,87,23,3,16,121,47,19.6,7.6,.234,.373,.302,0.675,.296,
Kaprielian, James,621076,2021,27,502,451,105,58,24,4,19,123,41,24.5,8.2,.233,.430,.302,0.732,.314,
Buehler, Walker,621111,2021,26,815,747,149,92,36,2,19,212,52,26,6.4,.199,.329,.256,0.585,.255,
McCullers Jr., Lance,621121,2021,27,684,596,122,80,26,3,13,185,76,27,11.1,.205,.324,.305,0.629,.283,
Mills, Alec,621219,2021,29,517,470,137,94,27,0,16,87,34,16.8,6.6,.291,.451,.347,0.798,.343,
Berrios, Jose,621244,2021,27,781,714,159,94,40,3,22,204,45,26.1,5.8,.223,.380,.281,0.661,.286,
Wood, Alex,622072,2021,30,585,529,125,84,24,3,14,152,39,26,6.7,.236,.372,.308,0.680,.298,
Castillo, Luis,622491,2021,28,803,711,181,121,34,7,19,192,75,23.9,9.3,.255,.402,.331,0.733,.318,
Senzatela, Antonio,622608,2021,26,670,620,178,123,39,4,12,105,32,15.7,4.8,.287,.421,.328,0.749,.323,
Flexen, Chris,623167,2021,26,741,690,185,127,34,5,19,125,40,16.9,5.4,.268,.414,.309,0.723,.311,
Urias, Julio,628711,2021,24,745,691,151,99,33,0,19,195,38,26.2,5.1,.219,.349,.266,0.615,.266,
Crowe, Wil,640444,2021,26,524,457,126,77,20,4,25,111,57,21.2,10.9,.276,.501,.363,0.864,.369,
Manaea, Sean,640455,2021,29,754,702,179,119,33,2,25,194,41,25.7,5.4,.255,.415,.304,0.719,.310,
Alzolay, Adbert,640470,2021,26,519,474,112,67,19,1,25,128,34,24.7,6.6,.236,.439,.294,0.733,.312,
Dunning, Dane,641540,2021,26,511,459,126,83,29,1,13,114,43,22.3,8.4,.275,.427,.345,0.772,.336,
Keller, Brad,641745,2021,25,613,532,158,111,27,2,18,120,64,19.6,10.4,.297,.457,.374,0.831,.358,
Mahle, Tyler,641816,2021,26,759,674,158,100,31,3,24,210,64,27.7,8.4,.234,.396,.309,0.705,.308,
Yarbrough, Ryan,642232,2021,29,653,610,163,99,37,2,25,117,27,17.9,4.1,.267,.457,.307,0.764,.325,
Peralta, Freddy,642547,2021,25,580,510,84,45,23,2,14,195,56,33.6,9.7,.165,.300,.261,0.561,.252,
Alcantara, Sandy,645261,2021,25,837,768,171,107,40,3,21,201,50,24,6,.223,.365,.278,0.643,.279,
Cease, Dylan,656302,2021,25,708,623,139,94,22,3,20,226,68,31.9,9.6,.223,.364,.306,0.670,.295,
Montgomery, Jordan,656756,2021,28,661,600,150,110,21,0,19,162,51,24.5,7.7,.250,.380,.308,0.688,.299,
Webb, Logan,657277,2021,24,596,546,128,95,22,2,9,158,36,26.5,6,.234,.332,.290,0.622,.274,
Ohtani, Shohei,660271,2021,26,533,473,98,60,23,0,15,156,44,29.3,8.3,.207,.351,.286,0.637,.279,
Bubic, Kris,663460,2021,23,556,487,121,73,23,3,22,114,59,20.5,10.6,.248,.444,.336,0.780,.337,
Allard, Kolby,663465,2021,23,534,496,128,81,16,2,29,104,31,19.5,5.8,.258,.474,.305,0.779,.331,
Mize, Casey,663554,2021,24,612,555,130,81,20,5,24,118,41,19.3,6.7,.234,.418,.298,0.716,.308,
McClanahan, Shane,663556,2021,24,517,476,120,83,23,0,14,141,37,27.3,7.2,.252,.389,.309,0.698,.304,
Singer, Brady,663903,2021,24,586,519,146,108,21,3,14,131,53,22.4,9,.281,.414,.358,0.772,.338,
Brubaker, JT,664141,2021,27,537,485,123,71,22,2,28,129,37,24,6.9,.254,.480,.318,0.798,.340,
Valdez, Framber,664285,2021,27,572,501,110,81,16,1,12,125,58,21.9,10.1,.220,.327,.313,0.640,.288,
Anderson, Ian,666120,2021,23,535,475,105,66,23,0,16,124,53,23.2,9.9,.221,.371,.300,0.671,.293,
Plesac, Zach,668676,2021,26,598,552,137,80,33,1,23,100,34,16.7,5.7,.248,.437,.299,0.736,.314,
Gallen, Zac,668678,2021,25,523,463,108,65,22,2,19,139,49,26.6,9.4,.233,.413,.312,0.725,.313,
Burnes, Corbin,669203,2021,26,657,612,123,96,17,3,7,234,34,35.6,5.2,.201,.273,.248,0.521,.232,
Gilbert, Logan,669302,2021,24,503,464,112,63,30,2,17,128,28,25.4,5.6,.241,.425,.291,0.716,.305,
Skubal, Tarik,669373,2021,24,634,576,141,78,28,0,35,164,47,25.9,7.4,.245,.476,.306,0.782,.332,
Rogers, Trevor,669432,2021,23,550,490,107,70,31,0,6,157,46,28.5,8.4,.218,.318,.291,0.609,.270,
Garcia, Luis,677651,2021,24,633,573,133,81,31,2,19,167,50,26.4,7.9,.232,.393,.295,0.688,.297,
Wainwright, Adam,425794,2022,40,803,736,192,138,35,3,16,143,54,17.8,6.7,.261,.382,.315,0.697,.306,
Greinke, Zack,425844,2022,38,585,549,157,113,30,0,14,73,27,12.5,4.6,.286,.417,.320,0.737,.321,
Verlander, Justin,434378,2022,39,666,625,116,88,15,1,12,185,29,27.8,4.4,.186,.270,.227,0.497,.222,
Kluber, Corey,446372,2022,36,689,650,178,123,32,3,20,139,21,20.2,3,.274,.425,.304,0.729,.316,
Hill, Rich,448179,2022,42,526,484,125,77,27,6,15,109,37,20.7,7,.258,.432,.316,0.748,.325,
Morton, Charlie,450203,2022,38,728,640,149,93,26,2,28,205,63,28.2,8.7,.233,.411,.316,0.727,.320,
Scherzer, Max,453286,2022,37,565,523,108,75,20,0,13,173,24,30.6,4.2,.207,.319,.254,0.573,.254,
Cueto, Johnny,456501,2022,36,651,604,161,107,37,2,15,102,33,15.7,5.1,.267,.409,.308,0.717,.310,
Lynn, Lance,458681,2022,35,512,481,119,80,20,0,19,124,19,24.2,3.7,.247,.407,.289,0.696,.304,
Carrasco, Carlos,471911,2022,35,645,593,161,105,38,1,17,152,41,23.6,6.4,.272,.425,.326,0.751,.327,
Quintana, Jose,500779,2022,33,679,626,154,110,35,1,8,137,47,20.2,6.9,.246,.343,.301,0.644,.286,
Gibson, Kyle,502043,2022,34,718,656,176,117,33,2,24,144,48,20.1,6.7,.268,.434,.325,0.759,.331,
Cobb, Alex,502171,2022,34,631,580,152,119,24,0,9,151,43,23.9,6.8,.262,.350,.315,0.665,.296,
Darvish, Yu,506433,2022,35,771,715,148,103,23,0,22,197,37,25.6,4.8,.207,.331,.256,0.587,.259,
Bumgarner, Madison,518516,2022,32,698,637,179,101,50,3,25,112,49,16,7,.281,.487,.340,0.827,.357,
Kelly, Merrill,518876,2022,33,804,739,167,104,40,2,21,177,61,22,7.6,.226,.371,.286,0.657,.289,
Perez, Martin,527048,2022,31,821,738,178,130,37,0,11,169,69,20.6,8.4,.241,.336,.310,0.646,.289,
Anderson, Tyler,542881,2022,32,707,657,145,94,31,6,14,138,34,19.5,4.8,.221,.350,.267,0.617,.271,
Cole, Gerrit,543037,2022,31,793,738,154,88,31,2,33,257,50,32.4,6.3,.209,.390,.260,0.650,.283,
Lyles, Jordan,543475,2022,31,774,710,196,123,46,1,26,144,52,18.6,6.7,.276,.454,.331,0.785,.341,
Stripling, Ross,548389,2022,32,536,511,117,77,28,0,12,111,20,20.7,3.7,.229,.354,.259,0.613,.268,
Wheeler, Zack,554430,2022,32,607,565,125,83,23,6,13,163,34,26.9,5.6,.221,.352,.273,0.625,.275,
Corbin, Patrick,571578,2022,32,713,655,210,143,35,5,27,128,49,18,6.9,.321,.513,.374,0.887,.383,
Mikolas, Miles,571945,2022,33,805,751,170,112,31,2,25,153,39,19,4.8,.226,.373,.267,0.640,.279,
Stroman, Marcus,573186,2022,31,569,525,123,81,25,1,16,119,36,20.9,6.3,.234,.377,.287,0.664,.291,
Gausman, Kevin,592332,2022,31,725,690,188,134,35,4,15,205,28,28.3,3.9,.272,.400,.300,0.700,.304,
Gray, Jon,592351,2022,30,521,472,105,69,17,2,17,134,39,25.7,7.5,.222,.375,.288,0.663,.292,
Ray, Robbie,592662,2022,30,775,705,163,97,29,5,32,212,62,27.4,8,.231,.423,.299,0.722,.315,
Syndergaard, Noah,592789,2022,29,565,525,138,95,24,5,14,95,31,16.8,5.5,.263,.408,.307,0.715,.312,
Taillon, Jameson,592791,2022,30,728,684,168,97,42,3,26,151,32,20.7,4.4,.246,.430,.283,0.713,.308,
Walker, Taijuan,592836,2022,29,649,596,143,100,27,1,15,132,45,20.3,6.9,.240,.364,.299,0.663,.293,
Montas, Frankie,593423,2022,29,608,550,137,90,28,1,18,142,43,23.4,7.1,.249,.402,.308,0.710,.309,
Gonzales, Marco,594835,2022,30,783,717,194,120,44,0,30,103,50,13.2,6.4,.271,.457,.322,0.779,.337,
Gomber, Austin,596295,2022,28,529,488,137,85,27,5,20,95,34,18,6.4,.281,.480,.328,0.808,.347,
Pivetta, Nick,601713,2022,29,773,691,175,111,36,1,27,175,73,22.6,9.4,.253,.425,.327,0.752,.330,
Bassitt, Chris,605135,2022,33,745,680,159,113,26,1,19,167,49,22.4,6.6,.234,.359,.297,0.656,.291,
Bundy, Dylan,605164,2022,29,595,558,151,96,29,2,24,94,28,15.8,4.7,.271,.459,.306,0.765,.329,
Davies, Zach,605200,2022,29,570,507,122,79,20,2,21,102,52,17.9,9.1,.241,.412,.309,0.721,.315,
Musgrove, Joe,605397,2022,29,740,679,154,94,36,2,22,184,42,24.9,5.7,.227,.383,.284,0.667,.292,
Nola, Aaron,605400,2022,29,807,766,168,109,39,1,19,235,29,29.1,3.6,.219,.347,.256,0.603,.264,
Snell, Blake,605483,2022,29,535,476,103,67,23,2,11,171,51,32,9.5,.216,.342,.292,0.634,.282,
Springs, Jeffrey,605488,2022,29,549,513,114,78,19,3,14,144,31,26.2,5.6,.222,.353,.267,0.620,.272,
Thompson, Zach,605507,2022,28,543,493,138,95,23,1,19,90,46,16.6,8.5,.280,.446,.344,0.790,.346,
Woodruff, Brandon,605540,2022,29,620,568,122,74,28,2,18,190,42,30.6,6.8,.215,.366,.274,0.640,.282,
Rodon, Carlos,607074,2022,29,710,649,131,87,31,1,12,237,52,33.4,7.3,.202,.308,.263,0.571,.255,
Fedde, Erick,607200,2022,29,573,508,149,101,27,0,21,94,58,16.4,10.1,.293,.470,.362,0.832,.362,
Freeland, Kyle,607536,2022,29,766,687,193,119,47,8,19,131,53,17.1,6.9,.281,.456,.342,0.798,.346,
Fried, Max,608331,2022,28,733,692,156,117,25,2,12,170,32,23.2,4.4,.225,.319,.262,0.581,.255,
Giolito, Lucas,608337,2022,27,698,628,171,107,37,3,24,177,61,25.4,8.7,.272,.455,.338,0.793,.344,
Irvin, Cole,608344,2022,28,741,693,174,113,33,3,25,128,36,17.3,4.9,.251,.416,.293,0.709,.306,
Wacha, Michael,608379,2022,30,515,476,111,67,22,4,18,104,31,20.2,6,.233,.410,.283,0.693,.301,
Marquez, German,608566,2022,27,779,704,185,106,44,5,30,150,63,19.3,8.1,.263,.467,.324,0.791,.341,
Quantrill, Cal,615698,2022,27,770,702,178,126,30,1,21,128,47,16.6,6.1,.254,.389,.307,0.696,.305,
Kaprielian, James,621076,2022,28,577,507,121,71,27,7,16,98,59,17,10.2,.239,.414,.321,0.735,.322,
Berrios, Jose,621244,2022,28,753,692,199,135,34,1,29,149,45,19.8,6,.288,.465,.340,0.805,.350,
Wood, Alex,622072,2022,31,555,504,132,94,20,1,17,131,30,23.6,5.4,.262,.407,.315,0.722,.315,
Castillo, Luis,622491,2022,29,615,557,118,77,28,0,13,167,45,27.2,7.3,.212,.332,.279,0.611,.273,
Flexen, Chris,623167,2022,27,590,529,132,85,27,3,17,95,51,16.1,8.6,.250,.408,.315,0.723,.315,
Suarez, Ranger,624133,2022,26,662,598,149,93,39,2,15,129,58,19.5,8.8,.249,.396,.317,0.713,.314,
Urias, Julio,628711,2022,25,689,639,127,81,20,3,23,166,41,24.1,6,.199,.347,.251,0.598,.263,
Manaea, Sean,640455,2022,30,671,611,155,95,26,5,29,156,50,23.2,7.5,.254,.455,.311,0.766,.330,
Lopez, Pablo,641154,2022,26,736,671,157,91,39,6,21,174,53,23.6,7.2,.234,.404,.296,0.700,.305,
Cortes Jr., Nestor,641482,2022,27,615,572,108,69,23,0,16,163,38,26.5,6.2,.189,.313,.241,0.554,.245,
Dunning, Dane,641540,2022,27,671,589,158,97,39,2,20,137,62,20.4,9.2,.268,.443,.345,0.788,.344,
Hudson, Dakota,641712,2022,27,596,517,141,107,24,1,9,78,61,13.1,10.2,.273,.375,.356,0.731,.326,
Keller, Brad,641745,2022,26,617,553,153,108,24,4,17,102,57,16.5,9.2,.277,.427,.344,0.771,.337,
Kuhl, Chad,641771,2022,29,617,546,155,93,31,6,25,110,58,17.8,9.4,.284,.500,.355,0.855,.368,
Lauer, Eric,641778,2022,27,661,592,135,84,21,3,27,157,59,23.8,8.9,.228,.410,.298,0.708,.310,
Mahle, Tyler,641816,2022,27,503,452,104,64,21,3,16,126,43,25,8.5,.230,.396,.297,0.693,.303,
Alcantara, Sandy,645261,2022,26,886,820,174,120,32,6,16,207,50,23.4,5.6,.212,.324,.263,0.587,.260,
Cease, Dylan,656302,2022,26,747,663,126,83,25,2,16,227,78,30.4,10.4,.190,.306,.278,0.584,.263,
Keller, Mitch,656605,2022,26,687,609,162,118,28,2,14,138,60,20.1,8.7,.266,.388,.342,0.730,.323,
Montgomery, Jordan,656756,2022,29,724,677,159,102,34,2,21,158,36,21.8,5,.235,.384,.281,0.665,.291,
Rasmussen, Drew,656876,2022,26,584,545,121,82,23,3,13,125,31,21.4,5.3,.222,.347,.267,0.614,.270,
Steele, Justin,657006,2022,26,512,454,111,85,17,1,8,126,50,24.6,9.8,.244,.339,.321,0.660,.296,
Wright, Kyle,657140,2022,26,738,672,156,115,21,1,19,174,53,23.6,7.2,.232,.351,.296,0.647,.288,
Otto Jr., Glenn,657248,2022,26,587,505,119,79,17,2,21,107,62,18.2,10.6,.236,.402,.332,0.734,.325,
Webb, Logan,657277,2022,25,787,726,174,122,38,3,11,163,49,20.7,6.2,.240,.346,.293,0.639,.283,
Ryan, Joe,657746,2022,26,604,546,115,65,28,2,20,151,47,25,7.8,.211,.379,.285,0.664,.294,
Ohtani, Shohei,660271,2022,27,660,610,124,85,23,2,14,219,44,33.2,6.7,.203,.316,.258,0.574,.255,
Bubic, Kris,663460,2022,24,587,510,156,107,30,1,18,110,63,18.7,10.7,.306,.475,.381,0.856,.371,
McKenzie, Triston,663474,2022,24,741,688,138,82,29,2,25,190,44,25.6,5.9,.201,.358,.253,0.611,.268,
McClanahan, Shane,663556,2022,25,640,597,116,81,16,0,19,194,37,30.3,5.8,.194,.317,.245,0.562,.248,
Lynch IV, Daniel,663738,2022,25,600,535,155,109,24,1,21,122,52,20.3,8.7,.290,.456,.355,0.811,.352,
Sandoval, Patrick,663776,2022,25,638,565,139,109,19,3,8,151,60,23.7,9.4,.246,.333,.322,0.655,.294,
Singer, Brady,663903,2022,25,621,569,140,102,19,1,18,150,35,24.2,5.6,.246,.378,.301,0.679,.300,
Brubaker, JT,664141,2022,28,646,580,157,99,39,2,17,147,54,22.8,8.4,.271,.433,.341,0.774,.339,
Valdez, Framber,664285,2022,28,827,745,166,129,24,2,11,194,67,23.5,8.1,.223,.305,.296,0.601,.272,
Javier, Cristian,664299,2022,25,585,524,89,53,18,1,17,194,52,33.2,8.9,.170,.305,.252,0.557,.251,
Urquidy, Jose,664353,2022,27,681,630,154,91,33,1,29,134,38,19.7,5.6,.244,.438,.292,0.730,.316,
Kremer, Dean,665152,2022,26,512,469,123,85,27,0,11,87,34,17,6.6,.262,.390,.318,0.708,.312,
Manoah, Alek,666201,2022,24,786,713,144,97,30,1,16,180,51,22.9,6.5,.202,.314,.268,0.582,.261,
Plesac, Zach,668676,2022,27,568,524,136,87,30,0,19,100,38,17.6,6.7,.260,.426,.315,0.741,.324,
Gallen, Zac,668678,2022,26,714,651,121,73,32,1,15,192,47,26.9,6.6,.186,.307,.252,0.559,.250,
Greene, Hunter,668881,2022,22,531,469,104,59,21,0,24,164,48,30.9,9,.222,.420,.305,0.725,.318,
Wilson, Bryse,669060,2022,24,509,460,132,82,29,1,20,79,32,15.5,6.3,.287,.485,.341,0.826,.356,
Burnes, Corbin,669203,2022,27,797,731,144,91,24,6,23,243,51,30.5,6.4,.197,.341,.261,0.602,.267,
Gilbert, Logan,669302,2022,25,766,702,170,107,41,3,19,174,49,22.7,6.4,.242,.390,.295,0.685,.299,
Bieber, Shane,669456,2022,27,791,747,172,123,29,2,18,198,36,25,4.6,.230,.347,.266,0.613,.269,
Kirby, George,669923,2022,24,542,511,135,97,23,2,13,133,22,24.5,4.1,.264,.393,.299,0.692,.302,
Detmers, Reid,672282,2022,22,539,477,110,68,27,2,13,122,46,22.6,8.5,.231,.377,.305,0.682,.300,
Strider, Spencer,675911,2022,23,528,478,86,61,17,1,7,202,45,38.3,8.5,.180,.264,.254,0.518,.235,
Garcia, Luis,677651,2022,25,643,589,131,77,27,4,23,157,47,24.4,7.3,.222,.399,.279,0.678,.295,
Gray, Josiah,680686,2022,24,649,569,136,74,20,4,38,154,66,23.7,10.2,.239,.489,.324,0.813,.350,
Bradish, Kyle,680694,2022,25,509,449,119,84,18,0,17,111,46,21.8,9,.265,.419,.340,0.759,.334,
Greinke, Zack,425844,2023,39,476,454,128,86,17,2,23,78,15,16.4,3.2,.282,.480,.307,0.787,.334,
Verlander, Justin,434378,2023,40,491,450,104,68,24,1,11,103,36,21,7.3,.231,.362,.289,0.651,.285,
Hill, Rich,448179,2023,43,583,522,143,80,40,3,20,115,50,19.7,8.6,.274,.477,.344,0.821,.353,
Morton, Charlie,450203,2023,39,616,533,129,87,27,2,13,157,67,25.5,10.9,.242,.373,.336,0.709,.314,
Scherzer, Max,453286,2023,38,537,492,112,71,17,0,24,151,39,28.1,7.3,.228,.409,.289,0.698,.302,
Lynn, Lance,458681,2023,36,630,571,147,90,22,3,32,169,50,26.8,7.9,.257,.475,.324,0.799,.342,
Carrasco, Carlos,471911,2023,36,405,359,108,69,21,1,17,65,38,16,9.4,.301,.507,.375,0.882,.379,
Kershaw, Clayton,477132,2023,35,424,394,83,52,16,0,15,115,26,27.1,6.1,.211,.365,.264,0.629,.274,
Gibson, Kyle,502043,2023,35,670,607,163,108,35,4,16,135,46,20.1,6.9,.269,.418,.320,0.738,.319,
Cobb, Alex,502171,2023,35,568,526,148,101,27,4,16,117,34,20.6,6,.281,.439,.330,0.769,.332,
Darvish, Yu,506433,2023,36,554,500,128,84,25,2,17,138,41,24.9,7.4,.256,.416,.318,0.734,.318,
Kelly, Merrill,518876,2023,34,548,493,105,65,20,3,17,146,48,26.6,8.8,.213,.369,.287,0.656,.288,
Perez, Martin,527048,2023,32,508,458,133,92,22,1,18,72,43,14.2,8.5,.290,.461,.350,0.811,.350,
Anderson, Tyler,542881,2023,33,528,462,128,76,37,2,13,100,52,18.9,9.8,.277,.450,.352,0.802,.346,
Cole, Gerrit,543037,2023,32,643,589,129,90,22,0,17,170,43,26.4,6.7,.219,.343,.280,0.623,.275,
DeSclafani, Anthony,543101,2023,33,419,388,105,64,25,1,15,79,20,18.9,4.8,.271,.456,.311,0.767,.328,
Eovaldi, Nathan,543135,2023,33,479,438,91,54,24,5,8,111,34,23.2,7.1,.208,.340,.270,0.610,.268,
Gray, Sonny,543243,2023,33,594,538,123,90,25,3,5,147,50,24.7,8.4,.229,.314,.297,0.611,.274,
Hendricks, Kyle,543294,2023,33,408,384,95,64,19,1,11,64,17,15.7,4.2,.247,.388,.283,0.671,.289,
Lyles, Jordan,543475,2023,32,588,542,140,69,39,2,30,93,37,15.8,6.3,.258,.504,.307,0.811,.342,
Lorenzen, Michael,547179,2023,31,525,480,111,75,20,1,15,98,36,18.7,6.9,.231,.371,.286,0.657,.286,
Wheeler, Zack,554430,2023,33,624,582,137,90,32,1,14,165,30,26.4,4.8,.235,.366,.280,0.646,.281,
Corbin, Patrick,571578,2023,33,655,599,173,119,27,0,27,104,47,15.9,7.2,.289,.469,.341,0.810,.348,
Heaney, Andrew,571760,2023,32,527,468,117,67,26,2,22,127,49,24.1,9.3,.250,.455,.330,0.785,.339,
Matz, Steven,571927,2023,32,449,410,108,73,23,1,11,98,32,21.8,7.1,.263,.405,.320,0.725,.316,
Mikolas, Miles,571945,2023,34,650,603,167,115,33,3,16,107,31,16.5,4.8,.277,.421,.318,0.739,.319,
Stroman, Marcus,573186,2023,32,537,483,109,78,23,0,8,111,50,20.7,9.3,.226,.323,.302,0.625,.280,
Kikuchi, Yusei,579328,2023,32,552,510,127,83,21,1,22,138,36,25,6.5,.249,.424,.304,0.728,.315,
Gausman, Kevin,592332,2023,32,616,573,136,84,35,1,16,195,38,31.7,6.2,.237,.386,.287,0.673,.292,
Gray, Jon,592351,2023,31,538,476,118,89,14,1,14,111,44,20.6,8.2,.248,.370,.316,0.686,.301,
Smyly, Drew,592767,2023,34,547,490,133,74,32,2,25,116,43,21.2,7.9,.271,.498,.333,0.831,.353,
Taillon, Jameson,592791,2023,31,496,455,123,79,24,1,19,100,33,20.2,6.7,.270,.453,.323,0.776,.333,
Walker, Taijuan,592836,2023,30,572,507,119,74,26,2,17,113,57,19.8,10,.235,.394,.315,0.709,.311,
Williams, Trevor,592866,2023,31,549,497,141,83,28,2,28,94,42,17.1,7.7,.284,.517,.339,0.856,.363,
German, Domingo,593334,2023,30,444,401,83,42,19,2,20,114,34,25.7,7.7,.207,.414,.277,0.691,.297,
Rodriguez, Eduardo,593958,2023,30,454,419,95,65,19,1,10,115,27,25.3,5.9,.227,.348,.274,0.622,.271,
Weaver, Luke,596133,2023,29,454,414,125,67,31,3,24,90,34,19.8,7.5,.302,.565,.357,0.922,.389,
Gomber, Austin,596295,2023,29,590,541,160,99,34,2,25,86,41,14.6,6.9,.296,.505,.348,0.853,.364,
Pivetta, Nick,601713,2023,30,449,400,84,41,23,1,19,137,43,30.5,9.6,.210,.415,.292,0.707,.306,
Bassitt, Chris,605135,2023,34,637,572,135,82,28,2,23,143,49,22.4,7.7,.236,.413,.306,0.719,.312,
Musgrove, Joe,605397,2023,30,399,365,90,63,17,0,10,97,21,24.3,5.3,.247,.375,.301,0.676,.295,
Nola, Aaron,605400,2023,30,656,610,145,88,25,3,29,165,40,25.2,6.1,.238,.431,.284,0.715,.306,
Snell, Blake,605483,2023,30,593,507,100,66,19,0,15,184,80,31,13.5,.197,.323,.307,0.630,.286,
Rea, Colin,607067,2023,32,426,384,95,57,16,3,19,85,32,20,7.5,.247,.453,.307,0.760,.325,
Freeland, Kyle,607536,2023,30,562,517,153,100,25,5,23,83,37,14.8,6.6,.296,.497,.342,0.839,.357,
Lugo, Seth,607625,2023,33,453,424,109,72,20,3,14,107,25,23.6,5.5,.257,.417,.302,0.719,.311,
Giolito, Lucas,608337,2023,28,631,563,135,75,27,6,27,159,53,25.2,8.4,.240,.453,.313,0.766,.327,
Eflin, Zach,621107,2023,29,547,522,123,78,26,4,15,136,19,24.9,3.5,.236,.387,.264,0.651,.279,
Berrios, Jose,621244,2023,29,632,575,141,94,27,1,19,144,44,22.8,7,.245,.395,.308,0.703,.306,
Castillo, Luis,622491,2023,30,633,587,126,71,29,3,23,175,37,27.6,5.8,.215,.392,.264,0.656,.282,
Suarez, Ranger,624133,2023,27,418,376,104,72,21,1,10,89,35,21.3,8.4,.277,.418,.337,0.755,.329,
Urias, Julio,628711,2023,26,432,397,95,53,23,1,18,104,21,24.1,4.9,.239,.438,.284,0.722,.307,
Lopez, Pablo,641154,2023,27,651,598,140,95,21,4,20,191,40,29.3,6.1,.234,.383,.288,0.671,.291,
Dunning, Dane,641540,2023,28,541,495,119,83,21,1,14,101,35,18.7,6.5,.240,.372,.298,0.670,.293,
France, J.P.,641585,2023,28,466,425,111,79,17,1,14,83,33,17.8,7.1,.261,.405,.314,0.719,.312,
Ober, Bailey,641927,2023,27,479,446,108,67,23,1,17,116,25,24.2,5.2,.242,.413,.290,0.703,.303,
Peralta, Freddy,642547,2023,27,557,498,108,61,28,0,19,168,50,30.2,9,.217,.388,.295,0.683,.299,
Alcantara, Sandy,645261,2023,27,704,648,160,111,27,1,21,144,44,20.5,6.3,.247,.389,.297,0.686,.298,
Cease, Dylan,656302,2023,27,610,535,132,88,22,8,14,163,63,26.7,10.3,.247,.396,.333,0.729,.319,
Flaherty, Jack,656427,2023,27,551,473,130,84,32,2,12,125,62,22.7,11.3,.275,.427,.367,0.794,.348,
Keller, Mitch,656605,2023,27,665,605,152,99,32,2,19,173,47,26,7.1,.251,.405,.313,0.718,.312,
Kopech, Michael,656629,2023,27,535,441,99,52,17,2,28,122,80,22.8,15,.224,.463,.353,0.816,.354,
Megill, Tylor,656731,2023,27,423,370,111,76,21,0,14,74,46,17.5,10.9,.300,.470,.382,0.852,.370,
Montgomery, Jordan,656756,2023,30,609,560,139,85,37,3,14,134,38,22,6.2,.248,.400,.298,0.698,.302,
Steele, Justin,657006,2023,27,573,530,132,91,28,2,11,133,30,23.2,5.2,.249,.372,.297,0.669,.292,
Webb, Logan,657277,2023,26,670,637,158,110,27,3,18,162,26,24.2,3.9,.248,.385,.282,0.667,.289,
Schmidt, Clarke,657376,2023,27,536,487,130,75,35,1,19,121,35,22.6,6.5,.267,.460,.325,0.785,.336,
Ryan, Joe,657746,2023,27,523,488,118,73,19,1,25,152,25,29.1,4.8,.242,.439,.283,0.722,.308,
Ohtani, Shohei,660271,2023,28,531,463,85,52,15,0,18,167,55,31.5,10.4,.184,.333,.285,0.618,.277,
McClanahan, Shane,663556,2023,26,469,428,95,57,20,3,15,121,41,25.8,8.7,.222,.388,.290,0.678,.295,
Irvin, Jake,663623,2023,26,424,374,97,67,12,1,17,81,38,19.1,9,.259,.433,.337,0.770,.335,
Sandoval, Patrick,663776,2023,26,521,456,115,84,21,1,9,102,55,19.6,10.6,.252,.362,.337,0.699,.310,
Singer, Brady,663903,2023,26,605,545,147,87,40,5,15,119,43,19.7,7.1,.270,.444,.328,0.772,.332,
Gonsolin, Tony,664062,2023,29,435,381,86,52,15,0,19,82,40,18.9,9.2,.226,.415,.307,0.722,.312,
Valdez, Framber,664285,2023,29,628,574,136,89,29,2,16,153,38,24.4,6.1,.237,.378,.290,0.668,.290,
Javier, Cristian,664299,2023,26,539,482,115,65,26,4,20,115,45,21.3,8.3,.239,.434,.310,0.744,.321,
Kremer, Dean,665152,2023,27,607,558,143,96,21,1,25,129,43,21.3,7.1,.256,.432,.315,0.747,.323,
Garrett, Braxton,666129,2023,25,530,500,129,77,32,3,17,132,21,24.9,4,.258,.436,.298,0.734,.315,
Luzardo, Jesus,666200,2023,25,598,549,137,78,35,3,21,167,42,27.9,7,.250,.439,.308,0.747,.321,
Manoah, Alek,666201,2023,25,415,346,93,59,17,2,15,79,59,19,14.2,.269,.460,.388,0.848,.370,
Gallen, Zac,668678,2023,27,668,629,144,91,36,1,16,179,34,26.8,5.1,.229,.366,.271,0.637,.276,
Ashcraft, Graham,668933,2023,25,577,513,135,90,21,3,21,100,50,17.3,8.7,.263,.439,.339,0.778,.338,
Gore, MacKenzie,669022,2023,24,542,483,122,80,17,2,23,145,53,26.8,9.8,.253,.439,.325,0.764,.330,
Nelson, Ryne,669194,2023,25,541,492,145,82,33,8,22,82,37,15.2,6.8,.295,.528,.340,0.868,.365,
Burnes, Corbin,669203,2023,28,642,573,114,81,13,1,19,160,56,24.9,8.7,.199,.325,.276,0.601,.267,
Gilbert, Logan,669302,2023,26,596,560,132,82,29,0,21,146,27,24.5,4.5,.236,.400,.272,0.672,.288,
Wells, Tyler,669330,2023,28,454,415,83,41,15,2,25,111,33,24.4,7.3,.200,.427,.264,0.691,.295,
Bieber, Shane,669456,2023,28,489,447,113,72,26,1,14,95,33,19.4,6.7,.253,.409,.306,0.715,.309,
Kirby, George,669923,2023,25,618,596,147,99,25,6,17,142,14,23,2.3,.247,.394,.268,0.662,.284,
Oviedo, Johan,670912,2023,25,633,554,131,75,35,5,16,129,62,20.4,9.8,.236,.404,.322,0.726,.317,
Allen, Logan,671106,2023,24,438,394,98,63,23,0,12,100,40,22.8,9.1,.249,.398,.320,0.718,.315,
Detmers, Reid,672282,2023,23,524,464,116,73,24,1,18,139,50,26.5,9.5,.250,.422,.334,0.756,.329,
Senga, Kodai,673540,2023,30,548,479,101,71,18,0,12,154,61,28.1,11.1,.211,.324,.304,0.628,.283,
Strider, Spencer,675911,2023,24,595,541,112,70,22,2,18,227,46,38.2,7.7,.207,.355,.279,0.634,.279,
Bibee, Tanner,676440,2023,24,472,428,101,72,18,0,11,112,36,23.7,7.6,.236,.355,.301,0.656,.290,
Sears, JP,676664,2023,27,569,516,127,72,23,4,28,127,35,22.3,6.2,.246,.469,.310,0.779,.333,
Bello, Brayan,678394,2023,24,534,490,128,81,29,1,17,104,34,19.5,6.4,.261,.429,.313,0.742,.320,
Gray, Josiah,680686,2023,25,594,516,129,85,25,1,18,118,67,19.9,11.3,.250,.407,.343,0.750,.330,
Bradish, Kyle,680694,2023,26,516,472,106,72,22,0,12,122,35,23.6,6.8,.225,.347,.287,0.634,.280,
Waldichuk, Ken,686610,2023,25,510,436,125,69,33,2,21,111,59,21.8,11.6,.287,.516,.376,0.892,.380,
Brown, Hunter,686613,2023,24,539,490,130,81,29,2,18,143,41,26.5,7.6,.265,.443,.330,0.773,.335,
Elder, Bryce,693821,2023,24,590,529,124,84,25,1,14,103,48,17.5,8.1,.234,.365,.306,0.671,.296,